run_id,origin_date,horizon_days,target_date,p10,p50,p90,ensemble_p10,ensemble_p90,ensemble_n,model_id
2026-09-21-mazar-1-1c43d784,2026-09-21,14,2026-10-05,2123.11,2130.95,2134.25,2125.64,2144.9,16,
2026-09-21-mazar-1-1c43d784,2026-09-21,30,2026-10-21,2120.44,2133.28,2137.96,2119.08,2146.98,15,
2026-09-21-mazar-1-1c43d784,2026-09-21,60,2026-11-20,2109.39,2127.54,2132.77,2115.45,2150.17,15,
2026-09-21-mazar-1-1c43d784,2026-09-21,7,2026-09-28,2130.9,2135.2,2137.55,2131.8,2144.64,16,
2026-09-21-mazar-1-1c43d784,2026-09-21,90,2026-12-20,2106.39,2126.47,2132.85,2116.61,2152.56,14,
2026-09-21-mazar-2-3eaa4e38,2026-09-21,14,2026-10-05,2123.11,2130.95,2134.25,2125.64,2144.9,16,M3-water-balance
2026-09-21-mazar-2-3eaa4e38,2026-09-21,30,2026-10-21,2120.44,2133.28,2137.96,2119.08,2146.98,15,M3-water-balance
2026-09-21-mazar-2-3eaa4e38,2026-09-21,60,2026-11-20,2109.39,2127.54,2132.77,2115.45,2150.17,15,M3-water-balance
2026-09-21-mazar-2-3eaa4e38,2026-09-21,7,2026-09-28,2131.86,2135.31,2137.99,2131.8,2144.64,16,M4-gbm-m3-residual
2026-09-21-mazar-2-3eaa4e38,2026-09-21,90,2026-12-20,2106.39,2126.47,2132.85,2116.61,2152.56,14,M3-water-balance
2026-09-21-mazar-2-cc730831,2026-09-21,14,2026-10-05,2123.11,2130.95,2134.25,2125.64,2144.9,16,M3-water-balance
2026-09-21-mazar-2-cc730831,2026-09-21,30,2026-10-21,2120.44,2133.28,2137.96,2119.08,2146.98,15,M3-water-balance
2026-09-21-mazar-2-cc730831,2026-09-21,60,2026-11-20,2109.39,2127.54,2132.77,2115.45,2150.17,15,M3-water-balance
2026-09-21-mazar-2-cc730831,2026-09-21,7,2026-09-28,2131.86,2135.31,2137.99,2131.8,2144.64,16,M4-gbm-m3-residual
2026-09-21-mazar-2-cc730831,2026-09-21,90,2026-12-20,2106.39,2126.47,2132.85,2116.61,2152.56,14,M3-water-balance
2026-09-22-mazar-2-6749e11c,2026-09-22,14,2026-10-06,2122.57,2130.41,2133.7,2124.57,2144.17,16,M3-water-balance
2026-09-22-mazar-2-6749e11c,2026-09-22,30,2026-10-22,2120.45,2133.29,2137.97,2118.08,2146.15,15,M3-water-balance
2026-09-22-mazar-2-6749e11c,2026-09-22,60,2026-11-21,2109.03,2127.17,2132.41,2114.57,2149.8,15,M3-water-balance
2026-09-22-mazar-2-6749e11c,2026-09-22,7,2026-09-29,2130.32,2133.77,2136.45,2130.74,2144.15,16,M4-gbm-m3-residual
2026-09-22-mazar-2-6749e11c,2026-09-22,90,2026-12-21,2106.54,2126.62,2133,2116.28,2152.63,14,M3-water-balance
2026-09-23-mazar-2-75aaeaf7,2026-09-23,14,2026-10-07,2119.52,2127.36,2130.65,2121.22,2139.85,16,M3-water-balance
2026-09-23-mazar-2-75aaeaf7,2026-09-23,30,2026-10-23,2118.54,2131.38,2136.06,2114.33,2143.32,15,M3-water-balance
2026-09-23-mazar-2-75aaeaf7,2026-09-23,60,2026-11-22,2107.39,2125.53,2130.77,2112.73,2148.58,15,M3-water-balance
2026-09-23-mazar-2-75aaeaf7,2026-09-23,7,2026-09-30,2126.72,2131.03,2133.37,2127.99,2141.31,16,M3-water-balance
2026-09-23-mazar-2-75aaeaf7,2026-09-23,90,2026-12-22,2105.65,2125.72,2132.1,2115.64,2152.52,14,M3-water-balance
2026-09-23-mazar-2-e2d2e3ba,2026-09-23,14,2026-10-07,2119.52,2127.36,2130.65,2121.22,2139.85,16,M3-water-balance
2026-09-23-mazar-2-e2d2e3ba,2026-09-23,30,2026-10-23,2118.54,2131.38,2136.06,2114.33,2143.32,15,M3-water-balance
2026-09-23-mazar-2-e2d2e3ba,2026-09-23,60,2026-11-22,2107.39,2125.53,2130.77,2112.73,2148.58,15,M3-water-balance
2026-09-23-mazar-2-e2d2e3ba,2026-09-23,7,2026-09-30,2126.72,2131.03,2133.37,2127.99,2141.31,16,M3-water-balance
2026-09-23-mazar-2-e2d2e3ba,2026-09-23,90,2026-12-22,2105.65,2125.72,2132.1,2115.64,2152.52,14,M3-water-balance
2026-09-24-mazar-2-ac219e21,2026-09-24,14,2026-10-08,2119.02,2126.86,2130.15,2120.38,2135.32,16,M3-water-balance
2026-09-24-mazar-2-ac219e21,2026-09-24,30,2026-10-24,2116.94,2129.78,2134.46,2113.57,2142.38,15,M3-water-balance
2026-09-24-mazar-2-ac219e21,2026-09-24,60,2026-11-23,2107.15,2125.29,2130.53,2113.49,2148.07,15,M3-water-balance
2026-09-24-mazar-2-ac219e21,2026-09-24,7,2026-10-01,2124.69,2129,2131.35,2126.98,2137.84,16,M3-water-balance
2026-09-24-mazar-2-ac219e21,2026-09-24,90,2026-12-23,2105.58,2125.66,2132.03,2115.74,2152.06,14,M3-water-balance
2026-09-25-mazar-2-ea6c996b,2026-09-25,14,2026-10-09,2117.99,2125.83,2129.12,2119.2,2132.62,16,M3-water-balance
2026-09-25-mazar-2-ea6c996b,2026-09-25,30,2026-10-25,2116.23,2129.07,2133.75,2112.66,2138.65,15,M3-water-balance
2026-09-25-mazar-2-ea6c996b,2026-09-25,60,2026-11-24,2107.71,2125.85,2131.09,2113.53,2148.07,15,M3-water-balance
2026-09-25-mazar-2-ea6c996b,2026-09-25,7,2026-10-02,2123.6,2127.91,2130.25,2125.94,2134.7,16,M3-water-balance
2026-09-25-mazar-2-ea6c996b,2026-09-25,90,2026-12-24,2105.26,2125.34,2131.71,2115.97,2151.98,14,M3-water-balance
2026-09-26-mazar-2-e0e66b6f,2026-09-26,14,2026-10-10,2117.92,2125.76,2129.05,2118.72,2129.78,16,M3-water-balance
2026-09-26-mazar-2-e0e66b6f,2026-09-26,30,2026-10-26,2116.55,2129.39,2134.07,2112.25,2139.55,15,M3-water-balance
2026-09-26-mazar-2-e0e66b6f,2026-09-26,60,2026-11-25,2107.66,2125.8,2131.04,2113.63,2146.63,15,M3-water-balance
2026-09-26-mazar-2-e0e66b6f,2026-09-26,7,2026-10-03,2123.06,2127.36,2129.71,2125.61,2132.48,16,M3-water-balance
2026-09-26-mazar-2-e0e66b6f,2026-09-26,90,2026-12-25,2105.25,2125.32,2131.7,2116.15,2151.5,14,M3-water-balance
2026-09-27-mazar-2-975935b9,2026-09-27,14,2026-10-11,2117.42,2125.26,2128.55,2119.12,2131.48,16,M3-water-balance
2026-09-27-mazar-2-975935b9,2026-09-27,30,2026-10-27,2116.38,2129.22,2133.9,2112.34,2140.78,15,M3-water-balance
2026-09-27-mazar-2-975935b9,2026-09-27,60,2026-11-26,2107.47,2125.61,2130.85,2113.55,2146.57,15,M3-water-balance
2026-09-27-mazar-2-975935b9,2026-09-27,7,2026-10-04,2123.53,2127.84,2130.19,2125.8,2132.29,16,M3-water-balance
2026-09-27-mazar-2-975935b9,2026-09-27,90,2026-12-26,2105.53,2125.61,2131.99,2116.42,2151.52,14,M3-water-balance
2026-09-28-mazar-2-ef43c37e,2026-09-28,14,2026-10-12,2116.72,2124.56,2127.85,2118.85,2133.71,16,M3-water-balance
2026-09-28-mazar-2-ef43c37e,2026-09-28,30,2026-10-28,2114.94,2127.78,2132.46,2113.41,2141.42,15,M3-water-balance
2026-09-28-mazar-2-ef43c37e,2026-09-28,60,2026-11-27,2107.8,2125.94,2131.18,2113.15,2147.5,14,M3-water-balance
2026-09-28-mazar-2-ef43c37e,2026-09-28,7,2026-10-05,2123.43,2127.73,2130.08,2125.27,2131.89,16,M3-water-balance
2026-09-28-mazar-2-ef43c37e,2026-09-28,90,2026-12-27,2106.03,2126.11,2132.49,2116.34,2151.39,14,M3-water-balance
2026-09-29-mazar-2-e28bc70d,2026-09-29,14,2026-10-13,2116.34,2124.18,2127.47,2118.13,2133.23,15,M3-water-balance
2026-09-29-mazar-2-e28bc70d,2026-09-29,30,2026-10-29,2114.49,2127.33,2132.01,2113.39,2142.1,15,M3-water-balance
2026-09-29-mazar-2-e28bc70d,2026-09-29,60,2026-11-28,2107.8,2125.95,2131.18,2113.71,2147.59,14,M3-water-balance
2026-09-29-mazar-2-e28bc70d,2026-09-29,7,2026-10-06,2122.89,2127.2,2129.55,2124.32,2131.66,16,M3-water-balance
2026-09-29-mazar-2-e28bc70d,2026-09-29,90,2026-12-28,2107.89,2127.94,2134.31,2116.69,2151.05,14,M3-water-balance
