date,link,export_kwh,import_kwh,export_hours,import_hours,source,fetched_at,raw_ref
2026-01-01,ECUADOR 230,3336528.58,1050.77,22,2,xm:servapibi,2026-09-22T19:28:42Z,xm/2026/01/ExpoEner_Enlace.2026-01-01.ndjson#ExpoEner:Enlace:2026-01-01:2026-01-31 xm/2026/01/ImpoEner_Enlace.2026-01-01.ndjson#ImpoEner:Enlace:2026-01-01:2026-01-31
2026-01-02,ECUADOR 230,4585701.880000001,862.53,23,1,xm:servapibi,2026-09-22T19:28:42Z,xm/2026/01/ExpoEner_Enlace.2026-01-01.ndjson#ExpoEner:Enlace:2026-01-01:2026-01-31 xm/2026/01/ImpoEner_Enlace.2026-01-01.ndjson#ImpoEner:Enlace:2026-01-01:2026-01-31
2026-01-03,ECUADOR 230,7488320.810000002,0,24,0,xm:servapibi,2026-09-22T19:28:42Z,xm/2026/01/ExpoEner_Enlace.2026-01-01.ndjson#ExpoEner:Enlace:2026-01-01:2026-01-31 xm/2026/01/ImpoEner_Enlace.2026-01-01.ndjson#ImpoEner:Enlace:2026-01-01:2026-01-31
2026-01-04,ECUADOR 230,7221287.02,0,24,0,xm:servapibi,2026-09-22T19:28:42Z,xm/2026/01/ExpoEner_Enlace.2026-01-01.ndjson#ExpoEner:Enlace:2026-01-01:2026-01-31 xm/2026/01/ImpoEner_Enlace.2026-01-01.ndjson#ImpoEner:Enlace:2026-01-01:2026-01-31
2026-01-05,ECUADOR 230,6762094.47,0,24,0,xm:servapibi,2026-09-22T19:28:42Z,xm/2026/01/ExpoEner_Enlace.2026-01-01.ndjson#ExpoEner:Enlace:2026-01-01:2026-01-31 xm/2026/01/ImpoEner_Enlace.2026-01-01.ndjson#ImpoEner:Enlace:2026-01-01:2026-01-31
2026-01-06,ECUADOR 230,7207660.999999999,0,24,0,xm:servapibi,2026-09-22T19:28:42Z,xm/2026/01/ExpoEner_Enlace.2026-01-01.ndjson#ExpoEner:Enlace:2026-01-01:2026-01-31 xm/2026/01/ImpoEner_Enlace.2026-01-01.ndjson#ImpoEner:Enlace:2026-01-01:2026-01-31
2026-01-07,ECUADOR 230,7214982.050000001,0,24,0,xm:servapibi,2026-09-22T19:28:42Z,xm/2026/01/ExpoEner_Enlace.2026-01-01.ndjson#ExpoEner:Enlace:2026-01-01:2026-01-31 xm/2026/01/ImpoEner_Enlace.2026-01-01.ndjson#ImpoEner:Enlace:2026-01-01:2026-01-31
2026-01-08,ECUADOR 230,7069529.86,0,24,0,xm:servapibi,2026-09-22T19:28:42Z,xm/2026/01/ExpoEner_Enlace.2026-01-01.ndjson#ExpoEner:Enlace:2026-01-01:2026-01-31 xm/2026/01/ImpoEner_Enlace.2026-01-01.ndjson#ImpoEner:Enlace:2026-01-01:2026-01-31
2026-01-09,ECUADOR 230,7177582.099999999,0,24,0,xm:servapibi,2026-09-22T19:28:42Z,xm/2026/01/ExpoEner_Enlace.2026-01-01.ndjson#ExpoEner:Enlace:2026-01-01:2026-01-31 xm/2026/01/ImpoEner_Enlace.2026-01-01.ndjson#ImpoEner:Enlace:2026-01-01:2026-01-31
2026-01-10,ECUADOR 230,5157985.920000001,419.09,23,1,xm:servapibi,2026-09-22T19:28:42Z,xm/2026/01/ExpoEner_Enlace.2026-01-01.ndjson#ExpoEner:Enlace:2026-01-01:2026-01-31 xm/2026/01/ImpoEner_Enlace.2026-01-01.ndjson#ImpoEner:Enlace:2026-01-01:2026-01-31
2026-01-11,ECUADOR 230,6847901.200000001,0,24,0,xm:servapibi,2026-09-22T19:28:42Z,xm/2026/01/ExpoEner_Enlace.2026-01-01.ndjson#ExpoEner:Enlace:2026-01-01:2026-01-31 xm/2026/01/ImpoEner_Enlace.2026-01-01.ndjson#ImpoEner:Enlace:2026-01-01:2026-01-31
2026-01-12,ECUADOR 230,5197551.76,2883.38,21,3,xm:servapibi,2026-09-22T19:28:42Z,xm/2026/01/ExpoEner_Enlace.2026-01-01.ndjson#ExpoEner:Enlace:2026-01-01:2026-01-31 xm/2026/01/ImpoEner_Enlace.2026-01-01.ndjson#ImpoEner:Enlace:2026-01-01:2026-01-31
2026-01-13,ECUADOR 230,7045320.8100000005,0,24,0,xm:servapibi,2026-09-22T19:28:42Z,xm/2026/01/ExpoEner_Enlace.2026-01-01.ndjson#ExpoEner:Enlace:2026-01-01:2026-01-31 xm/2026/01/ImpoEner_Enlace.2026-01-01.ndjson#ImpoEner:Enlace:2026-01-01:2026-01-31
2026-01-14,ECUADOR 230,6765761.38,0,24,0,xm:servapibi,2026-09-22T19:28:42Z,xm/2026/01/ExpoEner_Enlace.2026-01-01.ndjson#ExpoEner:Enlace:2026-01-01:2026-01-31 xm/2026/01/ImpoEner_Enlace.2026-01-01.ndjson#ImpoEner:Enlace:2026-01-01:2026-01-31
2026-01-15,ECUADOR 230,2226469.33,78.63,23,1,xm:servapibi,2026-09-22T19:28:42Z,xm/2026/01/ExpoEner_Enlace.2026-01-01.ndjson#ExpoEner:Enlace:2026-01-01:2026-01-31 xm/2026/01/ImpoEner_Enlace.2026-01-01.ndjson#ImpoEner:Enlace:2026-01-01:2026-01-31
2026-01-16,ECUADOR 230,3952620.1100000003,0,24,0,xm:servapibi,2026-09-22T19:28:42Z,xm/2026/01/ExpoEner_Enlace.2026-01-01.ndjson#ExpoEner:Enlace:2026-01-01:2026-01-31 xm/2026/01/ImpoEner_Enlace.2026-01-01.ndjson#ImpoEner:Enlace:2026-01-01:2026-01-31
2026-01-17,ECUADOR 230,4526491.77,0,24,0,xm:servapibi,2026-09-22T19:28:42Z,xm/2026/01/ExpoEner_Enlace.2026-01-01.ndjson#ExpoEner:Enlace:2026-01-01:2026-01-31 xm/2026/01/ImpoEner_Enlace.2026-01-01.ndjson#ImpoEner:Enlace:2026-01-01:2026-01-31
2026-01-18,ECUADOR 230,4124509.93,0,24,0,xm:servapibi,2026-09-22T19:28:42Z,xm/2026/01/ExpoEner_Enlace.2026-01-01.ndjson#ExpoEner:Enlace:2026-01-01:2026-01-31 xm/2026/01/ImpoEner_Enlace.2026-01-01.ndjson#ImpoEner:Enlace:2026-01-01:2026-01-31
2026-01-19,ECUADOR 230,6124780.3,0,24,0,xm:servapibi,2026-09-22T19:28:42Z,xm/2026/01/ExpoEner_Enlace.2026-01-01.ndjson#ExpoEner:Enlace:2026-01-01:2026-01-31 xm/2026/01/ImpoEner_Enlace.2026-01-01.ndjson#ImpoEner:Enlace:2026-01-01:2026-01-31
2026-01-20,ECUADOR 230,3639649.3200000003,0,24,0,xm:servapibi,2026-09-22T19:28:42Z,xm/2026/01/ExpoEner_Enlace.2026-01-01.ndjson#ExpoEner:Enlace:2026-01-01:2026-01-31 xm/2026/01/ImpoEner_Enlace.2026-01-01.ndjson#ImpoEner:Enlace:2026-01-01:2026-01-31
2026-01-21,ECUADOR 230,5425481.740000001,0,24,0,xm:servapibi,2026-09-22T19:28:42Z,xm/2026/01/ExpoEner_Enlace.2026-01-01.ndjson#ExpoEner:Enlace:2026-01-01:2026-01-31 xm/2026/01/ImpoEner_Enlace.2026-01-01.ndjson#ImpoEner:Enlace:2026-01-01:2026-01-31
2026-01-22,ECUADOR 230,5377832.720000001,0,24,0,xm:servapibi,2026-09-22T19:28:42Z,xm/2026/01/ExpoEner_Enlace.2026-01-01.ndjson#ExpoEner:Enlace:2026-01-01:2026-01-31 xm/2026/01/ImpoEner_Enlace.2026-01-01.ndjson#ImpoEner:Enlace:2026-01-01:2026-01-31
2026-01-23,ECUADOR 230,24968.550000000007,2390.06,19,5,xm:servapibi,2026-09-22T19:28:42Z,xm/2026/01/ExpoEner_Enlace.2026-01-01.ndjson#ExpoEner:Enlace:2026-01-01:2026-01-31 xm/2026/01/ImpoEner_Enlace.2026-01-01.ndjson#ImpoEner:Enlace:2026-01-01:2026-01-31
2026-01-24,ECUADOR 230,22451.629999999997,735.41,21,3,xm:servapibi,2026-09-22T19:28:42Z,xm/2026/01/ExpoEner_Enlace.2026-01-01.ndjson#ExpoEner:Enlace:2026-01-01:2026-01-31 xm/2026/01/ImpoEner_Enlace.2026-01-01.ndjson#ImpoEner:Enlace:2026-01-01:2026-01-31
2026-01-25,ECUADOR 230,32009.07,10717.100000000002,20,4,xm:servapibi,2026-09-22T19:28:42Z,xm/2026/01/ExpoEner_Enlace.2026-01-01.ndjson#ExpoEner:Enlace:2026-01-01:2026-01-31 xm/2026/01/ImpoEner_Enlace.2026-01-01.ndjson#ImpoEner:Enlace:2026-01-01:2026-01-31
2026-01-26,ECUADOR 230,19861.090000000004,9630.46,20,4,xm:servapibi,2026-09-22T19:28:42Z,xm/2026/01/ExpoEner_Enlace.2026-01-01.ndjson#ExpoEner:Enlace:2026-01-01:2026-01-31 xm/2026/01/ImpoEner_Enlace.2026-01-01.ndjson#ImpoEner:Enlace:2026-01-01:2026-01-31
2026-01-27,ECUADOR 230,27280.120000000003,2120.7599999999998,20,4,xm:servapibi,2026-09-22T19:28:42Z,xm/2026/01/ExpoEner_Enlace.2026-01-01.ndjson#ExpoEner:Enlace:2026-01-01:2026-01-31 xm/2026/01/ImpoEner_Enlace.2026-01-01.ndjson#ImpoEner:Enlace:2026-01-01:2026-01-31
2026-01-28,ECUADOR 230,24714.47,735.31,21,3,xm:servapibi,2026-09-22T19:28:42Z,xm/2026/01/ExpoEner_Enlace.2026-01-01.ndjson#ExpoEner:Enlace:2026-01-01:2026-01-31 xm/2026/01/ImpoEner_Enlace.2026-01-01.ndjson#ImpoEner:Enlace:2026-01-01:2026-01-31
2026-01-29,ECUADOR 230,28106.800000000003,2002.78,21,3,xm:servapibi,2026-09-22T19:28:42Z,xm/2026/01/ExpoEner_Enlace.2026-01-01.ndjson#ExpoEner:Enlace:2026-01-01:2026-01-31 xm/2026/01/ImpoEner_Enlace.2026-01-01.ndjson#ImpoEner:Enlace:2026-01-01:2026-01-31
2026-01-30,ECUADOR 230,14993.29,3512.81,16,8,xm:servapibi,2026-09-22T19:28:42Z,xm/2026/01/ExpoEner_Enlace.2026-01-01.ndjson#ExpoEner:Enlace:2026-01-01:2026-01-31 xm/2026/01/ImpoEner_Enlace.2026-01-01.ndjson#ImpoEner:Enlace:2026-01-01:2026-01-31
2026-01-31,ECUADOR 230,21851.760000000002,1396.23,21,3,xm:servapibi,2026-09-22T19:28:42Z,xm/2026/01/ExpoEner_Enlace.2026-01-01.ndjson#ExpoEner:Enlace:2026-01-01:2026-01-31 xm/2026/01/ImpoEner_Enlace.2026-01-01.ndjson#ImpoEner:Enlace:2026-01-01:2026-01-31
2026-02-01,ECUADOR 230,20923.57,693.04,22,2,xm:servapibi,2026-09-22T19:28:57Z,xm/2026/02/ExpoEner_Enlace.2026-02-01.ndjson#ExpoEner:Enlace:2026-02-01:2026-02-28 xm/2026/02/ImpoEner_Enlace.2026-02-01.ndjson#ImpoEner:Enlace:2026-02-01:2026-02-28
2026-02-02,ECUADOR 230,28400.509999999995,4223.45,19,5,xm:servapibi,2026-09-22T19:28:57Z,xm/2026/02/ExpoEner_Enlace.2026-02-01.ndjson#ExpoEner:Enlace:2026-02-01:2026-02-28 xm/2026/02/ImpoEner_Enlace.2026-02-01.ndjson#ImpoEner:Enlace:2026-02-01:2026-02-28
2026-02-03,ECUADOR 230,43095.71000000001,27674.29,13,11,xm:servapibi,2026-09-22T19:28:57Z,xm/2026/02/ExpoEner_Enlace.2026-02-01.ndjson#ExpoEner:Enlace:2026-02-01:2026-02-28 xm/2026/02/ImpoEner_Enlace.2026-02-01.ndjson#ImpoEner:Enlace:2026-02-01:2026-02-28
2026-02-04,ECUADOR 230,46247.560000000005,7814.58,17,7,xm:servapibi,2026-09-22T19:28:57Z,xm/2026/02/ExpoEner_Enlace.2026-02-01.ndjson#ExpoEner:Enlace:2026-02-01:2026-02-28 xm/2026/02/ImpoEner_Enlace.2026-02-01.ndjson#ImpoEner:Enlace:2026-02-01:2026-02-28
2026-02-05,ECUADOR 230,18748.04,18959.219999999998,12,12,xm:servapibi,2026-09-22T19:28:57Z,xm/2026/02/ExpoEner_Enlace.2026-02-01.ndjson#ExpoEner:Enlace:2026-02-01:2026-02-28 xm/2026/02/ImpoEner_Enlace.2026-02-01.ndjson#ImpoEner:Enlace:2026-02-01:2026-02-28
2026-02-06,ECUADOR 230,25411.350000000006,10251.86,16,8,xm:servapibi,2026-09-22T19:28:57Z,xm/2026/02/ExpoEner_Enlace.2026-02-01.ndjson#ExpoEner:Enlace:2026-02-01:2026-02-28 xm/2026/02/ImpoEner_Enlace.2026-02-01.ndjson#ImpoEner:Enlace:2026-02-01:2026-02-28
2026-02-07,ECUADOR 230,26777.910000000007,6357.639999999999,19,5,xm:servapibi,2026-09-22T19:28:57Z,xm/2026/02/ExpoEner_Enlace.2026-02-01.ndjson#ExpoEner:Enlace:2026-02-01:2026-02-28 xm/2026/02/ImpoEner_Enlace.2026-02-01.ndjson#ImpoEner:Enlace:2026-02-01:2026-02-28
2026-02-08,ECUADOR 230,26432.18,8538.900000000001,16,8,xm:servapibi,2026-09-22T19:28:57Z,xm/2026/02/ExpoEner_Enlace.2026-02-01.ndjson#ExpoEner:Enlace:2026-02-01:2026-02-28 xm/2026/02/ImpoEner_Enlace.2026-02-01.ndjson#ImpoEner:Enlace:2026-02-01:2026-02-28
2026-02-09,ECUADOR 230,25664.629999999997,11243.36,13,11,xm:servapibi,2026-09-22T19:28:57Z,xm/2026/02/ExpoEner_Enlace.2026-02-01.ndjson#ExpoEner:Enlace:2026-02-01:2026-02-28 xm/2026/02/ImpoEner_Enlace.2026-02-01.ndjson#ImpoEner:Enlace:2026-02-01:2026-02-28
2026-02-10,ECUADOR 230,24938.550000000003,17189.93,10,14,xm:servapibi,2026-09-22T19:28:57Z,xm/2026/02/ExpoEner_Enlace.2026-02-01.ndjson#ExpoEner:Enlace:2026-02-01:2026-02-28 xm/2026/02/ImpoEner_Enlace.2026-02-01.ndjson#ImpoEner:Enlace:2026-02-01:2026-02-28
2026-02-11,ECUADOR 230,25246.71,11378.78,15,9,xm:servapibi,2026-09-22T19:28:57Z,xm/2026/02/ExpoEner_Enlace.2026-02-01.ndjson#ExpoEner:Enlace:2026-02-01:2026-02-28 xm/2026/02/ImpoEner_Enlace.2026-02-01.ndjson#ImpoEner:Enlace:2026-02-01:2026-02-28
2026-02-12,ECUADOR 230,29473.03,7994.95,17,7,xm:servapibi,2026-09-22T19:28:57Z,xm/2026/02/ExpoEner_Enlace.2026-02-01.ndjson#ExpoEner:Enlace:2026-02-01:2026-02-28 xm/2026/02/ImpoEner_Enlace.2026-02-01.ndjson#ImpoEner:Enlace:2026-02-01:2026-02-28
2026-02-13,ECUADOR 230,22471.59,7535.69,16,8,xm:servapibi,2026-09-22T19:28:57Z,xm/2026/02/ExpoEner_Enlace.2026-02-01.ndjson#ExpoEner:Enlace:2026-02-01:2026-02-28 xm/2026/02/ImpoEner_Enlace.2026-02-01.ndjson#ImpoEner:Enlace:2026-02-01:2026-02-28
2026-02-14,ECUADOR 230,28298.649999999994,15874.179999999998,12,12,xm:servapibi,2026-09-22T19:28:57Z,xm/2026/02/ExpoEner_Enlace.2026-02-01.ndjson#ExpoEner:Enlace:2026-02-01:2026-02-28 xm/2026/02/ImpoEner_Enlace.2026-02-01.ndjson#ImpoEner:Enlace:2026-02-01:2026-02-28
2026-02-15,ECUADOR 230,23978.31000000001,4899.009999999999,17,7,xm:servapibi,2026-09-22T19:28:57Z,xm/2026/02/ExpoEner_Enlace.2026-02-01.ndjson#ExpoEner:Enlace:2026-02-01:2026-02-28 xm/2026/02/ImpoEner_Enlace.2026-02-01.ndjson#ImpoEner:Enlace:2026-02-01:2026-02-28
2026-02-16,ECUADOR 230,19752.589999999997,6522.889999999999,18,6,xm:servapibi,2026-09-22T19:28:57Z,xm/2026/02/ExpoEner_Enlace.2026-02-01.ndjson#ExpoEner:Enlace:2026-02-01:2026-02-28 xm/2026/02/ImpoEner_Enlace.2026-02-01.ndjson#ImpoEner:Enlace:2026-02-01:2026-02-28
2026-02-17,ECUADOR 230,44010.29,11163.960000000001,15,9,xm:servapibi,2026-09-22T19:28:57Z,xm/2026/02/ExpoEner_Enlace.2026-02-01.ndjson#ExpoEner:Enlace:2026-02-01:2026-02-28 xm/2026/02/ImpoEner_Enlace.2026-02-01.ndjson#ImpoEner:Enlace:2026-02-01:2026-02-28
2026-02-18,ECUADOR 230,22477.49,15380.780000000002,13,11,xm:servapibi,2026-09-22T19:28:57Z,xm/2026/02/ExpoEner_Enlace.2026-02-01.ndjson#ExpoEner:Enlace:2026-02-01:2026-02-28 xm/2026/02/ImpoEner_Enlace.2026-02-01.ndjson#ImpoEner:Enlace:2026-02-01:2026-02-28
2026-02-19,ECUADOR 230,24270.350000000002,12707.36,13,11,xm:servapibi,2026-09-22T19:28:57Z,xm/2026/02/ExpoEner_Enlace.2026-02-01.ndjson#ExpoEner:Enlace:2026-02-01:2026-02-28 xm/2026/02/ImpoEner_Enlace.2026-02-01.ndjson#ImpoEner:Enlace:2026-02-01:2026-02-28
2026-02-20,ECUADOR 230,26762.36,11752.1,17,7,xm:servapibi,2026-09-22T19:28:57Z,xm/2026/02/ExpoEner_Enlace.2026-02-01.ndjson#ExpoEner:Enlace:2026-02-01:2026-02-28 xm/2026/02/ImpoEner_Enlace.2026-02-01.ndjson#ImpoEner:Enlace:2026-02-01:2026-02-28
2026-02-21,ECUADOR 230,21860.93,1849.49,21,3,xm:servapibi,2026-09-22T19:28:57Z,xm/2026/02/ExpoEner_Enlace.2026-02-01.ndjson#ExpoEner:Enlace:2026-02-01:2026-02-28 xm/2026/02/ImpoEner_Enlace.2026-02-01.ndjson#ImpoEner:Enlace:2026-02-01:2026-02-28
2026-02-22,ECUADOR 230,23687.95,7596.49,20,4,xm:servapibi,2026-09-22T19:28:57Z,xm/2026/02/ExpoEner_Enlace.2026-02-01.ndjson#ExpoEner:Enlace:2026-02-01:2026-02-28 xm/2026/02/ImpoEner_Enlace.2026-02-01.ndjson#ImpoEner:Enlace:2026-02-01:2026-02-28
2026-02-23,ECUADOR 230,39355.22,15815.8,16,8,xm:servapibi,2026-09-22T19:28:57Z,xm/2026/02/ExpoEner_Enlace.2026-02-01.ndjson#ExpoEner:Enlace:2026-02-01:2026-02-28 xm/2026/02/ImpoEner_Enlace.2026-02-01.ndjson#ImpoEner:Enlace:2026-02-01:2026-02-28
2026-02-24,ECUADOR 230,26600.760000000002,7953.92,15,9,xm:servapibi,2026-09-22T19:28:57Z,xm/2026/02/ExpoEner_Enlace.2026-02-01.ndjson#ExpoEner:Enlace:2026-02-01:2026-02-28 xm/2026/02/ImpoEner_Enlace.2026-02-01.ndjson#ImpoEner:Enlace:2026-02-01:2026-02-28
2026-02-25,ECUADOR 230,43738.670000000006,9405.84,18,6,xm:servapibi,2026-09-22T19:28:57Z,xm/2026/02/ExpoEner_Enlace.2026-02-01.ndjson#ExpoEner:Enlace:2026-02-01:2026-02-28 xm/2026/02/ImpoEner_Enlace.2026-02-01.ndjson#ImpoEner:Enlace:2026-02-01:2026-02-28
2026-02-26,ECUADOR 230,29895.079999999998,6320.36,17,7,xm:servapibi,2026-09-22T19:28:57Z,xm/2026/02/ExpoEner_Enlace.2026-02-01.ndjson#ExpoEner:Enlace:2026-02-01:2026-02-28 xm/2026/02/ImpoEner_Enlace.2026-02-01.ndjson#ImpoEner:Enlace:2026-02-01:2026-02-28
2026-02-27,ECUADOR 230,19207.49,8956.16,17,7,xm:servapibi,2026-09-22T19:28:57Z,xm/2026/02/ExpoEner_Enlace.2026-02-01.ndjson#ExpoEner:Enlace:2026-02-01:2026-02-28 xm/2026/02/ImpoEner_Enlace.2026-02-01.ndjson#ImpoEner:Enlace:2026-02-01:2026-02-28
2026-02-28,ECUADOR 230,24728.249999999996,7277.1900000000005,14,10,xm:servapibi,2026-09-22T19:28:57Z,xm/2026/02/ExpoEner_Enlace.2026-02-01.ndjson#ExpoEner:Enlace:2026-02-01:2026-02-28 xm/2026/02/ImpoEner_Enlace.2026-02-01.ndjson#ImpoEner:Enlace:2026-02-01:2026-02-28
2026-03-01,ECUADOR 230,23484.65,12195.329999999998,16,8,xm:servapibi,2026-09-22T19:29:12Z,xm/2026/03/ExpoEner_Enlace.2026-03-01.ndjson#ExpoEner:Enlace:2026-03-01:2026-03-31 xm/2026/03/ImpoEner_Enlace.2026-03-01.ndjson#ImpoEner:Enlace:2026-03-01:2026-03-31
2026-03-02,ECUADOR 230,22597.480000000003,7999.969999999999,15,9,xm:servapibi,2026-09-22T19:29:12Z,xm/2026/03/ExpoEner_Enlace.2026-03-01.ndjson#ExpoEner:Enlace:2026-03-01:2026-03-31 xm/2026/03/ImpoEner_Enlace.2026-03-01.ndjson#ImpoEner:Enlace:2026-03-01:2026-03-31
2026-03-03,ECUADOR 230,24649.58,4664.15,20,4,xm:servapibi,2026-09-22T19:29:12Z,xm/2026/03/ExpoEner_Enlace.2026-03-01.ndjson#ExpoEner:Enlace:2026-03-01:2026-03-31 xm/2026/03/ImpoEner_Enlace.2026-03-01.ndjson#ImpoEner:Enlace:2026-03-01:2026-03-31
2026-03-04,ECUADOR 230,25430.329999999998,11476.36,16,8,xm:servapibi,2026-09-22T19:29:12Z,xm/2026/03/ExpoEner_Enlace.2026-03-01.ndjson#ExpoEner:Enlace:2026-03-01:2026-03-31 xm/2026/03/ImpoEner_Enlace.2026-03-01.ndjson#ImpoEner:Enlace:2026-03-01:2026-03-31
2026-03-05,ECUADOR 230,11133.250000000002,8078.329999999999,13,11,xm:servapibi,2026-09-22T19:29:12Z,xm/2026/03/ExpoEner_Enlace.2026-03-01.ndjson#ExpoEner:Enlace:2026-03-01:2026-03-31 xm/2026/03/ImpoEner_Enlace.2026-03-01.ndjson#ImpoEner:Enlace:2026-03-01:2026-03-31
2026-03-06,ECUADOR 230,15478.429999999997,5731.66,17,7,xm:servapibi,2026-09-22T19:29:12Z,xm/2026/03/ExpoEner_Enlace.2026-03-01.ndjson#ExpoEner:Enlace:2026-03-01:2026-03-31 xm/2026/03/ImpoEner_Enlace.2026-03-01.ndjson#ImpoEner:Enlace:2026-03-01:2026-03-31
2026-03-07,ECUADOR 230,18591.07,3588.36,16,8,xm:servapibi,2026-09-22T19:29:12Z,xm/2026/03/ExpoEner_Enlace.2026-03-01.ndjson#ExpoEner:Enlace:2026-03-01:2026-03-31 xm/2026/03/ImpoEner_Enlace.2026-03-01.ndjson#ImpoEner:Enlace:2026-03-01:2026-03-31
2026-03-08,ECUADOR 230,13722.990000000002,366.37,20,4,xm:servapibi,2026-09-22T19:29:12Z,xm/2026/03/ExpoEner_Enlace.2026-03-01.ndjson#ExpoEner:Enlace:2026-03-01:2026-03-31 xm/2026/03/ImpoEner_Enlace.2026-03-01.ndjson#ImpoEner:Enlace:2026-03-01:2026-03-31
2026-03-09,ECUADOR 230,21949.069999999996,695.4000000000001,19,5,xm:servapibi,2026-09-22T19:29:12Z,xm/2026/03/ExpoEner_Enlace.2026-03-01.ndjson#ExpoEner:Enlace:2026-03-01:2026-03-31 xm/2026/03/ImpoEner_Enlace.2026-03-01.ndjson#ImpoEner:Enlace:2026-03-01:2026-03-31
2026-03-10,ECUADOR 230,22075.520000000004,4577.2,20,4,xm:servapibi,2026-09-22T19:29:12Z,xm/2026/03/ExpoEner_Enlace.2026-03-01.ndjson#ExpoEner:Enlace:2026-03-01:2026-03-31 xm/2026/03/ImpoEner_Enlace.2026-03-01.ndjson#ImpoEner:Enlace:2026-03-01:2026-03-31
2026-03-11,ECUADOR 230,23463.039999999997,2400.87,18,6,xm:servapibi,2026-09-22T19:29:12Z,xm/2026/03/ExpoEner_Enlace.2026-03-01.ndjson#ExpoEner:Enlace:2026-03-01:2026-03-31 xm/2026/03/ImpoEner_Enlace.2026-03-01.ndjson#ImpoEner:Enlace:2026-03-01:2026-03-31
2026-03-12,ECUADOR 230,29582.789999999997,7368.83,19,5,xm:servapibi,2026-09-22T19:29:12Z,xm/2026/03/ExpoEner_Enlace.2026-03-01.ndjson#ExpoEner:Enlace:2026-03-01:2026-03-31 xm/2026/03/ImpoEner_Enlace.2026-03-01.ndjson#ImpoEner:Enlace:2026-03-01:2026-03-31
2026-03-13,ECUADOR 230,21789.65,7112.47,18,6,xm:servapibi,2026-09-22T19:29:12Z,xm/2026/03/ExpoEner_Enlace.2026-03-01.ndjson#ExpoEner:Enlace:2026-03-01:2026-03-31 xm/2026/03/ImpoEner_Enlace.2026-03-01.ndjson#ImpoEner:Enlace:2026-03-01:2026-03-31
2026-03-14,ECUADOR 230,16527.079999999998,44497.58,18,6,xm:servapibi,2026-09-22T19:29:12Z,xm/2026/03/ExpoEner_Enlace.2026-03-01.ndjson#ExpoEner:Enlace:2026-03-01:2026-03-31 xm/2026/03/ImpoEner_Enlace.2026-03-01.ndjson#ImpoEner:Enlace:2026-03-01:2026-03-31
2026-03-15,ECUADOR 230,16968.59,2437.46,18,6,xm:servapibi,2026-09-22T19:29:12Z,xm/2026/03/ExpoEner_Enlace.2026-03-01.ndjson#ExpoEner:Enlace:2026-03-01:2026-03-31 xm/2026/03/ImpoEner_Enlace.2026-03-01.ndjson#ImpoEner:Enlace:2026-03-01:2026-03-31
2026-03-16,ECUADOR 230,17487.61,10880.85,14,10,xm:servapibi,2026-09-22T19:29:12Z,xm/2026/03/ExpoEner_Enlace.2026-03-01.ndjson#ExpoEner:Enlace:2026-03-01:2026-03-31 xm/2026/03/ImpoEner_Enlace.2026-03-01.ndjson#ImpoEner:Enlace:2026-03-01:2026-03-31
2026-03-17,ECUADOR 230,40343.93,5245.760000000001,19,5,xm:servapibi,2026-09-22T19:29:12Z,xm/2026/03/ExpoEner_Enlace.2026-03-01.ndjson#ExpoEner:Enlace:2026-03-01:2026-03-31 xm/2026/03/ImpoEner_Enlace.2026-03-01.ndjson#ImpoEner:Enlace:2026-03-01:2026-03-31
2026-03-18,ECUADOR 230,90209.40999999999,5783.360000000001,19,5,xm:servapibi,2026-09-22T19:29:12Z,xm/2026/03/ExpoEner_Enlace.2026-03-01.ndjson#ExpoEner:Enlace:2026-03-01:2026-03-31 xm/2026/03/ImpoEner_Enlace.2026-03-01.ndjson#ImpoEner:Enlace:2026-03-01:2026-03-31
2026-03-19,ECUADOR 230,85434.69,12607.46,17,7,xm:servapibi,2026-09-22T19:29:12Z,xm/2026/03/ExpoEner_Enlace.2026-03-01.ndjson#ExpoEner:Enlace:2026-03-01:2026-03-31 xm/2026/03/ImpoEner_Enlace.2026-03-01.ndjson#ImpoEner:Enlace:2026-03-01:2026-03-31
2026-03-20,ECUADOR 230,51926.450000000004,14143.98,16,8,xm:servapibi,2026-09-22T19:29:12Z,xm/2026/03/ExpoEner_Enlace.2026-03-01.ndjson#ExpoEner:Enlace:2026-03-01:2026-03-31 xm/2026/03/ImpoEner_Enlace.2026-03-01.ndjson#ImpoEner:Enlace:2026-03-01:2026-03-31
2026-03-21,ECUADOR 230,69531.87999999999,8889.62,19,5,xm:servapibi,2026-09-22T19:29:12Z,xm/2026/03/ExpoEner_Enlace.2026-03-01.ndjson#ExpoEner:Enlace:2026-03-01:2026-03-31 xm/2026/03/ImpoEner_Enlace.2026-03-01.ndjson#ImpoEner:Enlace:2026-03-01:2026-03-31
2026-03-22,ECUADOR 230,16588.119999999995,12408.35,12,12,xm:servapibi,2026-09-22T19:29:12Z,xm/2026/03/ExpoEner_Enlace.2026-03-01.ndjson#ExpoEner:Enlace:2026-03-01:2026-03-31 xm/2026/03/ImpoEner_Enlace.2026-03-01.ndjson#ImpoEner:Enlace:2026-03-01:2026-03-31
2026-03-23,ECUADOR 230,42589.63,9465.07,18,6,xm:servapibi,2026-09-22T19:29:12Z,xm/2026/03/ExpoEner_Enlace.2026-03-01.ndjson#ExpoEner:Enlace:2026-03-01:2026-03-31 xm/2026/03/ImpoEner_Enlace.2026-03-01.ndjson#ImpoEner:Enlace:2026-03-01:2026-03-31
2026-03-24,ECUADOR 230,36389.16999999999,6712.15,15,9,xm:servapibi,2026-09-22T19:29:12Z,xm/2026/03/ExpoEner_Enlace.2026-03-01.ndjson#ExpoEner:Enlace:2026-03-01:2026-03-31 xm/2026/03/ImpoEner_Enlace.2026-03-01.ndjson#ImpoEner:Enlace:2026-03-01:2026-03-31
2026-03-25,ECUADOR 230,29654.73,12843.929999999998,16,8,xm:servapibi,2026-09-22T19:29:12Z,xm/2026/03/ExpoEner_Enlace.2026-03-01.ndjson#ExpoEner:Enlace:2026-03-01:2026-03-31 xm/2026/03/ImpoEner_Enlace.2026-03-01.ndjson#ImpoEner:Enlace:2026-03-01:2026-03-31
2026-03-26,ECUADOR 230,25932.899999999998,8236.390000000001,16,8,xm:servapibi,2026-09-22T19:29:12Z,xm/2026/03/ExpoEner_Enlace.2026-03-01.ndjson#ExpoEner:Enlace:2026-03-01:2026-03-31 xm/2026/03/ImpoEner_Enlace.2026-03-01.ndjson#ImpoEner:Enlace:2026-03-01:2026-03-31
2026-03-27,ECUADOR 230,64591.549999999996,2972,17,7,xm:servapibi,2026-09-22T19:29:12Z,xm/2026/03/ExpoEner_Enlace.2026-03-01.ndjson#ExpoEner:Enlace:2026-03-01:2026-03-31 xm/2026/03/ImpoEner_Enlace.2026-03-01.ndjson#ImpoEner:Enlace:2026-03-01:2026-03-31
2026-03-28,ECUADOR 230,38496.08,11453.960000000001,15,9,xm:servapibi,2026-09-22T19:29:12Z,xm/2026/03/ExpoEner_Enlace.2026-03-01.ndjson#ExpoEner:Enlace:2026-03-01:2026-03-31 xm/2026/03/ImpoEner_Enlace.2026-03-01.ndjson#ImpoEner:Enlace:2026-03-01:2026-03-31
2026-03-29,ECUADOR 230,17916.54,9309.26,15,9,xm:servapibi,2026-09-22T19:29:12Z,xm/2026/03/ExpoEner_Enlace.2026-03-01.ndjson#ExpoEner:Enlace:2026-03-01:2026-03-31 xm/2026/03/ImpoEner_Enlace.2026-03-01.ndjson#ImpoEner:Enlace:2026-03-01:2026-03-31
2026-03-30,ECUADOR 230,23874.93,11640.290000000003,15,9,xm:servapibi,2026-09-22T19:29:12Z,xm/2026/03/ExpoEner_Enlace.2026-03-01.ndjson#ExpoEner:Enlace:2026-03-01:2026-03-31 xm/2026/03/ImpoEner_Enlace.2026-03-01.ndjson#ImpoEner:Enlace:2026-03-01:2026-03-31
2026-03-31,ECUADOR 230,30277.860000000004,11307.96,14,10,xm:servapibi,2026-09-22T19:29:12Z,xm/2026/03/ExpoEner_Enlace.2026-03-01.ndjson#ExpoEner:Enlace:2026-03-01:2026-03-31 xm/2026/03/ImpoEner_Enlace.2026-03-01.ndjson#ImpoEner:Enlace:2026-03-01:2026-03-31
2026-04-01,ECUADOR 230,48135.76,5977.1,18,6,xm:servapibi,2026-09-22T19:29:27Z,xm/2026/04/ExpoEner_Enlace.2026-04-01.ndjson#ExpoEner:Enlace:2026-04-01:2026-04-30 xm/2026/04/ImpoEner_Enlace.2026-04-01.ndjson#ImpoEner:Enlace:2026-04-01:2026-04-30
2026-04-02,ECUADOR 230,141648.77,2586.68,20,4,xm:servapibi,2026-09-22T19:29:27Z,xm/2026/04/ExpoEner_Enlace.2026-04-01.ndjson#ExpoEner:Enlace:2026-04-01:2026-04-30 xm/2026/04/ImpoEner_Enlace.2026-04-01.ndjson#ImpoEner:Enlace:2026-04-01:2026-04-30
2026-04-03,ECUADOR 230,172445.79,4083.75,20,4,xm:servapibi,2026-09-22T19:29:27Z,xm/2026/04/ExpoEner_Enlace.2026-04-01.ndjson#ExpoEner:Enlace:2026-04-01:2026-04-30 xm/2026/04/ImpoEner_Enlace.2026-04-01.ndjson#ImpoEner:Enlace:2026-04-01:2026-04-30
2026-04-04,ECUADOR 230,18800.58,11312.29,11,13,xm:servapibi,2026-09-22T19:29:27Z,xm/2026/04/ExpoEner_Enlace.2026-04-01.ndjson#ExpoEner:Enlace:2026-04-01:2026-04-30 xm/2026/04/ImpoEner_Enlace.2026-04-01.ndjson#ImpoEner:Enlace:2026-04-01:2026-04-30
2026-04-05,ECUADOR 230,21521.499999999996,5589.55,17,7,xm:servapibi,2026-09-22T19:29:27Z,xm/2026/04/ExpoEner_Enlace.2026-04-01.ndjson#ExpoEner:Enlace:2026-04-01:2026-04-30 xm/2026/04/ImpoEner_Enlace.2026-04-01.ndjson#ImpoEner:Enlace:2026-04-01:2026-04-30
2026-04-06,ECUADOR 230,41260.070000000014,13789.55,15,9,xm:servapibi,2026-09-22T19:29:27Z,xm/2026/04/ExpoEner_Enlace.2026-04-01.ndjson#ExpoEner:Enlace:2026-04-01:2026-04-30 xm/2026/04/ImpoEner_Enlace.2026-04-01.ndjson#ImpoEner:Enlace:2026-04-01:2026-04-30
2026-04-07,ECUADOR 230,23159.149999999998,8600.519999999999,16,8,xm:servapibi,2026-09-22T19:29:27Z,xm/2026/04/ExpoEner_Enlace.2026-04-01.ndjson#ExpoEner:Enlace:2026-04-01:2026-04-30 xm/2026/04/ImpoEner_Enlace.2026-04-01.ndjson#ImpoEner:Enlace:2026-04-01:2026-04-30
2026-04-08,ECUADOR 230,29987.260000000002,11711.52,17,7,xm:servapibi,2026-09-22T19:29:27Z,xm/2026/04/ExpoEner_Enlace.2026-04-01.ndjson#ExpoEner:Enlace:2026-04-01:2026-04-30 xm/2026/04/ImpoEner_Enlace.2026-04-01.ndjson#ImpoEner:Enlace:2026-04-01:2026-04-30
2026-04-09,ECUADOR 230,20274.66,10852.949999999999,14,10,xm:servapibi,2026-09-22T19:29:27Z,xm/2026/04/ExpoEner_Enlace.2026-04-01.ndjson#ExpoEner:Enlace:2026-04-01:2026-04-30 xm/2026/04/ImpoEner_Enlace.2026-04-01.ndjson#ImpoEner:Enlace:2026-04-01:2026-04-30
2026-04-10,ECUADOR 230,28002.809999999998,20210.42,10,14,xm:servapibi,2026-09-22T19:29:27Z,xm/2026/04/ExpoEner_Enlace.2026-04-01.ndjson#ExpoEner:Enlace:2026-04-01:2026-04-30 xm/2026/04/ImpoEner_Enlace.2026-04-01.ndjson#ImpoEner:Enlace:2026-04-01:2026-04-30
2026-04-11,ECUADOR 230,28241.32,10100.29,14,10,xm:servapibi,2026-09-22T19:29:27Z,xm/2026/04/ExpoEner_Enlace.2026-04-01.ndjson#ExpoEner:Enlace:2026-04-01:2026-04-30 xm/2026/04/ImpoEner_Enlace.2026-04-01.ndjson#ImpoEner:Enlace:2026-04-01:2026-04-30
2026-04-12,ECUADOR 230,28044.87,8929.92,15,9,xm:servapibi,2026-09-22T19:29:27Z,xm/2026/04/ExpoEner_Enlace.2026-04-01.ndjson#ExpoEner:Enlace:2026-04-01:2026-04-30 xm/2026/04/ImpoEner_Enlace.2026-04-01.ndjson#ImpoEner:Enlace:2026-04-01:2026-04-30
2026-04-13,ECUADOR 230,27728.029999999995,5989.999999999999,17,7,xm:servapibi,2026-09-22T19:29:27Z,xm/2026/04/ExpoEner_Enlace.2026-04-01.ndjson#ExpoEner:Enlace:2026-04-01:2026-04-30 xm/2026/04/ImpoEner_Enlace.2026-04-01.ndjson#ImpoEner:Enlace:2026-04-01:2026-04-30
2026-04-14,ECUADOR 230,26336.88,9545.240000000002,16,8,xm:servapibi,2026-09-22T19:29:27Z,xm/2026/04/ExpoEner_Enlace.2026-04-01.ndjson#ExpoEner:Enlace:2026-04-01:2026-04-30 xm/2026/04/ImpoEner_Enlace.2026-04-01.ndjson#ImpoEner:Enlace:2026-04-01:2026-04-30
2026-04-15,ECUADOR 230,35742.51,9800.239999999998,16,8,xm:servapibi,2026-09-22T19:29:27Z,xm/2026/04/ExpoEner_Enlace.2026-04-01.ndjson#ExpoEner:Enlace:2026-04-01:2026-04-30 xm/2026/04/ImpoEner_Enlace.2026-04-01.ndjson#ImpoEner:Enlace:2026-04-01:2026-04-30
2026-04-16,ECUADOR 230,22896.91,5814.16,14,10,xm:servapibi,2026-09-22T19:29:27Z,xm/2026/04/ExpoEner_Enlace.2026-04-01.ndjson#ExpoEner:Enlace:2026-04-01:2026-04-30 xm/2026/04/ImpoEner_Enlace.2026-04-01.ndjson#ImpoEner:Enlace:2026-04-01:2026-04-30
2026-04-17,ECUADOR 230,23293.850000000002,4671.08,19,5,xm:servapibi,2026-09-22T19:29:27Z,xm/2026/04/ExpoEner_Enlace.2026-04-01.ndjson#ExpoEner:Enlace:2026-04-01:2026-04-30 xm/2026/04/ImpoEner_Enlace.2026-04-01.ndjson#ImpoEner:Enlace:2026-04-01:2026-04-30
2026-04-18,ECUADOR 230,16571.239999999998,1683.52,20,4,xm:servapibi,2026-09-22T19:29:27Z,xm/2026/04/ExpoEner_Enlace.2026-04-01.ndjson#ExpoEner:Enlace:2026-04-01:2026-04-30 xm/2026/04/ImpoEner_Enlace.2026-04-01.ndjson#ImpoEner:Enlace:2026-04-01:2026-04-30
2026-04-19,ECUADOR 230,16980.61,1906.1100000000001,20,4,xm:servapibi,2026-09-22T19:29:27Z,xm/2026/04/ExpoEner_Enlace.2026-04-01.ndjson#ExpoEner:Enlace:2026-04-01:2026-04-30 xm/2026/04/ImpoEner_Enlace.2026-04-01.ndjson#ImpoEner:Enlace:2026-04-01:2026-04-30
2026-04-20,ECUADOR 230,14727.349999999999,7784.849999999999,17,7,xm:servapibi,2026-09-22T19:29:27Z,xm/2026/04/ExpoEner_Enlace.2026-04-01.ndjson#ExpoEner:Enlace:2026-04-01:2026-04-30 xm/2026/04/ImpoEner_Enlace.2026-04-01.ndjson#ImpoEner:Enlace:2026-04-01:2026-04-30
2026-04-21,ECUADOR 230,24320.39,6936.77,17,7,xm:servapibi,2026-09-22T19:29:27Z,xm/2026/04/ExpoEner_Enlace.2026-04-01.ndjson#ExpoEner:Enlace:2026-04-01:2026-04-30 xm/2026/04/ImpoEner_Enlace.2026-04-01.ndjson#ImpoEner:Enlace:2026-04-01:2026-04-30
2026-04-22,ECUADOR 230,22550.52,10759.539999999999,14,10,xm:servapibi,2026-09-22T19:29:27Z,xm/2026/04/ExpoEner_Enlace.2026-04-01.ndjson#ExpoEner:Enlace:2026-04-01:2026-04-30 xm/2026/04/ImpoEner_Enlace.2026-04-01.ndjson#ImpoEner:Enlace:2026-04-01:2026-04-30
2026-04-23,ECUADOR 230,32231.780000000002,10974.01,16,8,xm:servapibi,2026-09-22T19:29:27Z,xm/2026/04/ExpoEner_Enlace.2026-04-01.ndjson#ExpoEner:Enlace:2026-04-01:2026-04-30 xm/2026/04/ImpoEner_Enlace.2026-04-01.ndjson#ImpoEner:Enlace:2026-04-01:2026-04-30
2026-04-24,ECUADOR 230,24987.69,7313.42,17,7,xm:servapibi,2026-09-22T19:29:27Z,xm/2026/04/ExpoEner_Enlace.2026-04-01.ndjson#ExpoEner:Enlace:2026-04-01:2026-04-30 xm/2026/04/ImpoEner_Enlace.2026-04-01.ndjson#ImpoEner:Enlace:2026-04-01:2026-04-30
2026-04-25,ECUADOR 230,21287.129999999997,4871.3099999999995,19,5,xm:servapibi,2026-09-22T19:29:27Z,xm/2026/04/ExpoEner_Enlace.2026-04-01.ndjson#ExpoEner:Enlace:2026-04-01:2026-04-30 xm/2026/04/ImpoEner_Enlace.2026-04-01.ndjson#ImpoEner:Enlace:2026-04-01:2026-04-30
2026-04-26,ECUADOR 230,19589.469999999998,5062.239999999999,18,6,xm:servapibi,2026-09-22T19:29:27Z,xm/2026/04/ExpoEner_Enlace.2026-04-01.ndjson#ExpoEner:Enlace:2026-04-01:2026-04-30 xm/2026/04/ImpoEner_Enlace.2026-04-01.ndjson#ImpoEner:Enlace:2026-04-01:2026-04-30
2026-04-27,ECUADOR 230,19120.95,3100.75,17,7,xm:servapibi,2026-09-22T19:29:27Z,xm/2026/04/ExpoEner_Enlace.2026-04-01.ndjson#ExpoEner:Enlace:2026-04-01:2026-04-30 xm/2026/04/ImpoEner_Enlace.2026-04-01.ndjson#ImpoEner:Enlace:2026-04-01:2026-04-30
2026-04-28,ECUADOR 230,14849.889999999998,1913.45,18,6,xm:servapibi,2026-09-22T19:29:27Z,xm/2026/04/ExpoEner_Enlace.2026-04-01.ndjson#ExpoEner:Enlace:2026-04-01:2026-04-30 xm/2026/04/ImpoEner_Enlace.2026-04-01.ndjson#ImpoEner:Enlace:2026-04-01:2026-04-30
2026-04-29,ECUADOR 230,17274.190000000002,4052.1800000000003,18,6,xm:servapibi,2026-09-22T19:29:27Z,xm/2026/04/ExpoEner_Enlace.2026-04-01.ndjson#ExpoEner:Enlace:2026-04-01:2026-04-30 xm/2026/04/ImpoEner_Enlace.2026-04-01.ndjson#ImpoEner:Enlace:2026-04-01:2026-04-30
2026-04-30,ECUADOR 230,16528.07,5315.03,18,6,xm:servapibi,2026-09-22T19:29:27Z,xm/2026/04/ExpoEner_Enlace.2026-04-01.ndjson#ExpoEner:Enlace:2026-04-01:2026-04-30 xm/2026/04/ImpoEner_Enlace.2026-04-01.ndjson#ImpoEner:Enlace:2026-04-01:2026-04-30
2026-05-01,ECUADOR 230,19691.58,7001.39,19,5,xm:servapibi,2026-09-22T19:29:42Z,xm/2026/05/ExpoEner_Enlace.2026-05-01.ndjson#ExpoEner:Enlace:2026-05-01:2026-05-31 xm/2026/05/ImpoEner_Enlace.2026-05-01.ndjson#ImpoEner:Enlace:2026-05-01:2026-05-31
2026-05-02,ECUADOR 230,17357.95,5208.38,16,8,xm:servapibi,2026-09-22T19:29:42Z,xm/2026/05/ExpoEner_Enlace.2026-05-01.ndjson#ExpoEner:Enlace:2026-05-01:2026-05-31 xm/2026/05/ImpoEner_Enlace.2026-05-01.ndjson#ImpoEner:Enlace:2026-05-01:2026-05-31
2026-05-03,ECUADOR 230,20794.97,9606.14,16,8,xm:servapibi,2026-09-22T19:29:42Z,xm/2026/05/ExpoEner_Enlace.2026-05-01.ndjson#ExpoEner:Enlace:2026-05-01:2026-05-31 xm/2026/05/ImpoEner_Enlace.2026-05-01.ndjson#ImpoEner:Enlace:2026-05-01:2026-05-31
2026-05-04,ECUADOR 230,38465.1,5552.139999999999,21,3,xm:servapibi,2026-09-22T19:29:42Z,xm/2026/05/ExpoEner_Enlace.2026-05-01.ndjson#ExpoEner:Enlace:2026-05-01:2026-05-31 xm/2026/05/ImpoEner_Enlace.2026-05-01.ndjson#ImpoEner:Enlace:2026-05-01:2026-05-31
2026-05-05,ECUADOR 230,29545.139999999996,11789.39,16,8,xm:servapibi,2026-09-22T19:29:42Z,xm/2026/05/ExpoEner_Enlace.2026-05-01.ndjson#ExpoEner:Enlace:2026-05-01:2026-05-31 xm/2026/05/ImpoEner_Enlace.2026-05-01.ndjson#ImpoEner:Enlace:2026-05-01:2026-05-31
2026-05-06,ECUADOR 230,21863.749999999996,7749.74,14,10,xm:servapibi,2026-09-22T19:29:42Z,xm/2026/05/ExpoEner_Enlace.2026-05-01.ndjson#ExpoEner:Enlace:2026-05-01:2026-05-31 xm/2026/05/ImpoEner_Enlace.2026-05-01.ndjson#ImpoEner:Enlace:2026-05-01:2026-05-31
2026-05-07,ECUADOR 230,31403.699999999997,6633.86,19,5,xm:servapibi,2026-09-22T19:29:42Z,xm/2026/05/ExpoEner_Enlace.2026-05-01.ndjson#ExpoEner:Enlace:2026-05-01:2026-05-31 xm/2026/05/ImpoEner_Enlace.2026-05-01.ndjson#ImpoEner:Enlace:2026-05-01:2026-05-31
2026-05-08,ECUADOR 230,30774.390000000007,7076.400000000001,17,7,xm:servapibi,2026-09-22T19:29:42Z,xm/2026/05/ExpoEner_Enlace.2026-05-01.ndjson#ExpoEner:Enlace:2026-05-01:2026-05-31 xm/2026/05/ImpoEner_Enlace.2026-05-01.ndjson#ImpoEner:Enlace:2026-05-01:2026-05-31
2026-05-09,ECUADOR 230,28108.960000000003,8463.91,14,10,xm:servapibi,2026-09-22T19:29:42Z,xm/2026/05/ExpoEner_Enlace.2026-05-01.ndjson#ExpoEner:Enlace:2026-05-01:2026-05-31 xm/2026/05/ImpoEner_Enlace.2026-05-01.ndjson#ImpoEner:Enlace:2026-05-01:2026-05-31
2026-05-10,ECUADOR 230,23340.56,954.1800000000001,22,2,xm:servapibi,2026-09-22T19:29:42Z,xm/2026/05/ExpoEner_Enlace.2026-05-01.ndjson#ExpoEner:Enlace:2026-05-01:2026-05-31 xm/2026/05/ImpoEner_Enlace.2026-05-01.ndjson#ImpoEner:Enlace:2026-05-01:2026-05-31
2026-05-11,ECUADOR 230,39126.509999999995,9134.48,18,6,xm:servapibi,2026-09-22T19:29:42Z,xm/2026/05/ExpoEner_Enlace.2026-05-01.ndjson#ExpoEner:Enlace:2026-05-01:2026-05-31 xm/2026/05/ImpoEner_Enlace.2026-05-01.ndjson#ImpoEner:Enlace:2026-05-01:2026-05-31
2026-05-12,ECUADOR 230,26857.609999999997,10660.07,14,10,xm:servapibi,2026-09-22T19:29:42Z,xm/2026/05/ExpoEner_Enlace.2026-05-01.ndjson#ExpoEner:Enlace:2026-05-01:2026-05-31 xm/2026/05/ImpoEner_Enlace.2026-05-01.ndjson#ImpoEner:Enlace:2026-05-01:2026-05-31
2026-05-13,ECUADOR 230,23853.809999999998,6140.24,16,8,xm:servapibi,2026-09-22T19:29:42Z,xm/2026/05/ExpoEner_Enlace.2026-05-01.ndjson#ExpoEner:Enlace:2026-05-01:2026-05-31 xm/2026/05/ImpoEner_Enlace.2026-05-01.ndjson#ImpoEner:Enlace:2026-05-01:2026-05-31
2026-05-14,ECUADOR 230,17770.219999999998,8643.07,14,10,xm:servapibi,2026-09-22T19:29:42Z,xm/2026/05/ExpoEner_Enlace.2026-05-01.ndjson#ExpoEner:Enlace:2026-05-01:2026-05-31 xm/2026/05/ImpoEner_Enlace.2026-05-01.ndjson#ImpoEner:Enlace:2026-05-01:2026-05-31
2026-05-15,ECUADOR 230,29122.77,11811.77,15,9,xm:servapibi,2026-09-22T19:29:42Z,xm/2026/05/ExpoEner_Enlace.2026-05-01.ndjson#ExpoEner:Enlace:2026-05-01:2026-05-31 xm/2026/05/ImpoEner_Enlace.2026-05-01.ndjson#ImpoEner:Enlace:2026-05-01:2026-05-31
2026-05-16,ECUADOR 230,31071.630000000005,8061.23,18,6,xm:servapibi,2026-09-22T19:29:42Z,xm/2026/05/ExpoEner_Enlace.2026-05-01.ndjson#ExpoEner:Enlace:2026-05-01:2026-05-31 xm/2026/05/ImpoEner_Enlace.2026-05-01.ndjson#ImpoEner:Enlace:2026-05-01:2026-05-31
2026-05-17,ECUADOR 230,26019.43,7257.91,16,8,xm:servapibi,2026-09-22T19:29:42Z,xm/2026/05/ExpoEner_Enlace.2026-05-01.ndjson#ExpoEner:Enlace:2026-05-01:2026-05-31 xm/2026/05/ImpoEner_Enlace.2026-05-01.ndjson#ImpoEner:Enlace:2026-05-01:2026-05-31
2026-05-18,ECUADOR 230,31391.170000000002,7956.530000000001,18,6,xm:servapibi,2026-09-22T19:29:42Z,xm/2026/05/ExpoEner_Enlace.2026-05-01.ndjson#ExpoEner:Enlace:2026-05-01:2026-05-31 xm/2026/05/ImpoEner_Enlace.2026-05-01.ndjson#ImpoEner:Enlace:2026-05-01:2026-05-31
2026-05-19,ECUADOR 230,17938.550000000003,10535.33,14,10,xm:servapibi,2026-09-22T19:29:42Z,xm/2026/05/ExpoEner_Enlace.2026-05-01.ndjson#ExpoEner:Enlace:2026-05-01:2026-05-31 xm/2026/05/ImpoEner_Enlace.2026-05-01.ndjson#ImpoEner:Enlace:2026-05-01:2026-05-31
2026-05-20,ECUADOR 230,40917.51,24192.03,16,8,xm:servapibi,2026-09-22T19:29:42Z,xm/2026/05/ExpoEner_Enlace.2026-05-01.ndjson#ExpoEner:Enlace:2026-05-01:2026-05-31 xm/2026/05/ImpoEner_Enlace.2026-05-01.ndjson#ImpoEner:Enlace:2026-05-01:2026-05-31
2026-05-21,ECUADOR 230,82283.56,6639.17,19,5,xm:servapibi,2026-09-22T19:29:42Z,xm/2026/05/ExpoEner_Enlace.2026-05-01.ndjson#ExpoEner:Enlace:2026-05-01:2026-05-31 xm/2026/05/ImpoEner_Enlace.2026-05-01.ndjson#ImpoEner:Enlace:2026-05-01:2026-05-31
2026-05-22,ECUADOR 230,135820.16999999998,769.03,23,1,xm:servapibi,2026-09-22T19:29:42Z,xm/2026/05/ExpoEner_Enlace.2026-05-01.ndjson#ExpoEner:Enlace:2026-05-01:2026-05-31 xm/2026/05/ImpoEner_Enlace.2026-05-01.ndjson#ImpoEner:Enlace:2026-05-01:2026-05-31
2026-05-23,ECUADOR 230,23611.5,4402.91,19,5,xm:servapibi,2026-09-22T19:29:42Z,xm/2026/05/ExpoEner_Enlace.2026-05-01.ndjson#ExpoEner:Enlace:2026-05-01:2026-05-31 xm/2026/05/ImpoEner_Enlace.2026-05-01.ndjson#ImpoEner:Enlace:2026-05-01:2026-05-31
2026-05-24,ECUADOR 230,24399.390000000003,5610.459999999999,19,5,xm:servapibi,2026-09-22T19:29:42Z,xm/2026/05/ExpoEner_Enlace.2026-05-01.ndjson#ExpoEner:Enlace:2026-05-01:2026-05-31 xm/2026/05/ImpoEner_Enlace.2026-05-01.ndjson#ImpoEner:Enlace:2026-05-01:2026-05-31
2026-05-25,ECUADOR 230,31000.66,8343.220000000001,16,8,xm:servapibi,2026-09-22T19:29:42Z,xm/2026/05/ExpoEner_Enlace.2026-05-01.ndjson#ExpoEner:Enlace:2026-05-01:2026-05-31 xm/2026/05/ImpoEner_Enlace.2026-05-01.ndjson#ImpoEner:Enlace:2026-05-01:2026-05-31
2026-05-26,ECUADOR 230,23539.519999999997,7492.130000000001,15,9,xm:servapibi,2026-09-22T19:29:42Z,xm/2026/05/ExpoEner_Enlace.2026-05-01.ndjson#ExpoEner:Enlace:2026-05-01:2026-05-31 xm/2026/05/ImpoEner_Enlace.2026-05-01.ndjson#ImpoEner:Enlace:2026-05-01:2026-05-31
2026-05-27,ECUADOR 230,28568.730000000003,11095.95,16,8,xm:servapibi,2026-09-22T19:29:42Z,xm/2026/05/ExpoEner_Enlace.2026-05-01.ndjson#ExpoEner:Enlace:2026-05-01:2026-05-31 xm/2026/05/ImpoEner_Enlace.2026-05-01.ndjson#ImpoEner:Enlace:2026-05-01:2026-05-31
2026-05-28,ECUADOR 230,27014.380000000005,5257.969999999999,17,7,xm:servapibi,2026-09-22T19:29:42Z,xm/2026/05/ExpoEner_Enlace.2026-05-01.ndjson#ExpoEner:Enlace:2026-05-01:2026-05-31 xm/2026/05/ImpoEner_Enlace.2026-05-01.ndjson#ImpoEner:Enlace:2026-05-01:2026-05-31
2026-05-29,ECUADOR 230,28026.05,4858.23,19,5,xm:servapibi,2026-09-22T19:29:42Z,xm/2026/05/ExpoEner_Enlace.2026-05-01.ndjson#ExpoEner:Enlace:2026-05-01:2026-05-31 xm/2026/05/ImpoEner_Enlace.2026-05-01.ndjson#ImpoEner:Enlace:2026-05-01:2026-05-31
2026-05-30,ECUADOR 230,22734.19,3715.59,18,6,xm:servapibi,2026-09-22T19:29:42Z,xm/2026/05/ExpoEner_Enlace.2026-05-01.ndjson#ExpoEner:Enlace:2026-05-01:2026-05-31 xm/2026/05/ImpoEner_Enlace.2026-05-01.ndjson#ImpoEner:Enlace:2026-05-01:2026-05-31
2026-05-31,ECUADOR 230,26883.180000000004,7583.09,19,5,xm:servapibi,2026-09-22T19:29:42Z,xm/2026/05/ExpoEner_Enlace.2026-05-01.ndjson#ExpoEner:Enlace:2026-05-01:2026-05-31 xm/2026/05/ImpoEner_Enlace.2026-05-01.ndjson#ImpoEner:Enlace:2026-05-01:2026-05-31
2026-06-01,ECUADOR 230,26531.59,4922.0599999999995,17,7,xm:servapibi,2026-09-22T19:29:57Z,xm/2026/06/ExpoEner_Enlace.2026-06-01.ndjson#ExpoEner:Enlace:2026-06-01:2026-06-30 xm/2026/06/ImpoEner_Enlace.2026-06-01.ndjson#ImpoEner:Enlace:2026-06-01:2026-06-30
2026-06-02,ECUADOR 230,30803.249999999993,9970.21,15,9,xm:servapibi,2026-09-22T19:29:57Z,xm/2026/06/ExpoEner_Enlace.2026-06-01.ndjson#ExpoEner:Enlace:2026-06-01:2026-06-30 xm/2026/06/ImpoEner_Enlace.2026-06-01.ndjson#ImpoEner:Enlace:2026-06-01:2026-06-30
2026-06-03,ECUADOR 230,31359.64,14937.45,16,8,xm:servapibi,2026-09-22T19:29:57Z,xm/2026/06/ExpoEner_Enlace.2026-06-01.ndjson#ExpoEner:Enlace:2026-06-01:2026-06-30 xm/2026/06/ImpoEner_Enlace.2026-06-01.ndjson#ImpoEner:Enlace:2026-06-01:2026-06-30
2026-06-04,ECUADOR 230,32541.520000000004,8356.78,17,7,xm:servapibi,2026-09-22T19:29:57Z,xm/2026/06/ExpoEner_Enlace.2026-06-01.ndjson#ExpoEner:Enlace:2026-06-01:2026-06-30 xm/2026/06/ImpoEner_Enlace.2026-06-01.ndjson#ImpoEner:Enlace:2026-06-01:2026-06-30
2026-06-05,ECUADOR 230,34349.79,9671.94,15,9,xm:servapibi,2026-09-22T19:29:57Z,xm/2026/06/ExpoEner_Enlace.2026-06-01.ndjson#ExpoEner:Enlace:2026-06-01:2026-06-30 xm/2026/06/ImpoEner_Enlace.2026-06-01.ndjson#ImpoEner:Enlace:2026-06-01:2026-06-30
2026-06-06,ECUADOR 230,33394.44,4888.1900000000005,18,6,xm:servapibi,2026-09-22T19:29:57Z,xm/2026/06/ExpoEner_Enlace.2026-06-01.ndjson#ExpoEner:Enlace:2026-06-01:2026-06-30 xm/2026/06/ImpoEner_Enlace.2026-06-01.ndjson#ImpoEner:Enlace:2026-06-01:2026-06-30
2026-06-07,ECUADOR 230,23387.26,5502.22,18,6,xm:servapibi,2026-09-22T19:29:57Z,xm/2026/06/ExpoEner_Enlace.2026-06-01.ndjson#ExpoEner:Enlace:2026-06-01:2026-06-30 xm/2026/06/ImpoEner_Enlace.2026-06-01.ndjson#ImpoEner:Enlace:2026-06-01:2026-06-30
2026-06-08,ECUADOR 230,18582.81,10413.11,16,8,xm:servapibi,2026-09-22T19:29:57Z,xm/2026/06/ExpoEner_Enlace.2026-06-01.ndjson#ExpoEner:Enlace:2026-06-01:2026-06-30 xm/2026/06/ImpoEner_Enlace.2026-06-01.ndjson#ImpoEner:Enlace:2026-06-01:2026-06-30
2026-06-09,ECUADOR 230,24489,3121.99,19,5,xm:servapibi,2026-09-22T19:29:57Z,xm/2026/06/ExpoEner_Enlace.2026-06-01.ndjson#ExpoEner:Enlace:2026-06-01:2026-06-30 xm/2026/06/ImpoEner_Enlace.2026-06-01.ndjson#ImpoEner:Enlace:2026-06-01:2026-06-30
2026-06-10,ECUADOR 230,23879.839999999997,5917.6,15,9,xm:servapibi,2026-09-22T19:29:57Z,xm/2026/06/ExpoEner_Enlace.2026-06-01.ndjson#ExpoEner:Enlace:2026-06-01:2026-06-30 xm/2026/06/ImpoEner_Enlace.2026-06-01.ndjson#ImpoEner:Enlace:2026-06-01:2026-06-30
2026-06-11,ECUADOR 230,29779.680000000004,7945.800000000001,15,9,xm:servapibi,2026-09-22T19:29:57Z,xm/2026/06/ExpoEner_Enlace.2026-06-01.ndjson#ExpoEner:Enlace:2026-06-01:2026-06-30 xm/2026/06/ImpoEner_Enlace.2026-06-01.ndjson#ImpoEner:Enlace:2026-06-01:2026-06-30
2026-06-12,ECUADOR 230,19517.839999999997,6948.639999999999,15,9,xm:servapibi,2026-09-22T19:29:57Z,xm/2026/06/ExpoEner_Enlace.2026-06-01.ndjson#ExpoEner:Enlace:2026-06-01:2026-06-30 xm/2026/06/ImpoEner_Enlace.2026-06-01.ndjson#ImpoEner:Enlace:2026-06-01:2026-06-30
2026-06-13,ECUADOR 230,33503.45,4347.8,19,5,xm:servapibi,2026-09-22T19:29:57Z,xm/2026/06/ExpoEner_Enlace.2026-06-01.ndjson#ExpoEner:Enlace:2026-06-01:2026-06-30 xm/2026/06/ImpoEner_Enlace.2026-06-01.ndjson#ImpoEner:Enlace:2026-06-01:2026-06-30
2026-06-14,ECUADOR 230,27993.2,6992.880000000001,17,7,xm:servapibi,2026-09-22T19:29:57Z,xm/2026/06/ExpoEner_Enlace.2026-06-01.ndjson#ExpoEner:Enlace:2026-06-01:2026-06-30 xm/2026/06/ImpoEner_Enlace.2026-06-01.ndjson#ImpoEner:Enlace:2026-06-01:2026-06-30
2026-06-15,ECUADOR 230,34243.84,9245,16,8,xm:servapibi,2026-09-22T19:29:57Z,xm/2026/06/ExpoEner_Enlace.2026-06-01.ndjson#ExpoEner:Enlace:2026-06-01:2026-06-30 xm/2026/06/ImpoEner_Enlace.2026-06-01.ndjson#ImpoEner:Enlace:2026-06-01:2026-06-30
2026-06-16,ECUADOR 230,19364.34,14349.91,14,10,xm:servapibi,2026-09-22T19:29:57Z,xm/2026/06/ExpoEner_Enlace.2026-06-01.ndjson#ExpoEner:Enlace:2026-06-01:2026-06-30 xm/2026/06/ImpoEner_Enlace.2026-06-01.ndjson#ImpoEner:Enlace:2026-06-01:2026-06-30
2026-06-17,ECUADOR 230,25261.829999999998,6571.450000000001,16,8,xm:servapibi,2026-09-22T19:29:57Z,xm/2026/06/ExpoEner_Enlace.2026-06-01.ndjson#ExpoEner:Enlace:2026-06-01:2026-06-30 xm/2026/06/ImpoEner_Enlace.2026-06-01.ndjson#ImpoEner:Enlace:2026-06-01:2026-06-30
2026-06-18,ECUADOR 230,27036.629999999997,10840.55,16,8,xm:servapibi,2026-09-22T19:29:57Z,xm/2026/06/ExpoEner_Enlace.2026-06-01.ndjson#ExpoEner:Enlace:2026-06-01:2026-06-30 xm/2026/06/ImpoEner_Enlace.2026-06-01.ndjson#ImpoEner:Enlace:2026-06-01:2026-06-30
2026-06-19,ECUADOR 230,18505.04,9234.53,16,8,xm:servapibi,2026-09-22T19:29:57Z,xm/2026/06/ExpoEner_Enlace.2026-06-01.ndjson#ExpoEner:Enlace:2026-06-01:2026-06-30 xm/2026/06/ImpoEner_Enlace.2026-06-01.ndjson#ImpoEner:Enlace:2026-06-01:2026-06-30
2026-06-20,ECUADOR 230,29335.8,7801.64,17,7,xm:servapibi,2026-09-22T19:29:57Z,xm/2026/06/ExpoEner_Enlace.2026-06-01.ndjson#ExpoEner:Enlace:2026-06-01:2026-06-30 xm/2026/06/ImpoEner_Enlace.2026-06-01.ndjson#ImpoEner:Enlace:2026-06-01:2026-06-30
2026-06-21,ECUADOR 230,21306.719999999998,7318.09,16,8,xm:servapibi,2026-09-22T19:29:57Z,xm/2026/06/ExpoEner_Enlace.2026-06-01.ndjson#ExpoEner:Enlace:2026-06-01:2026-06-30 xm/2026/06/ImpoEner_Enlace.2026-06-01.ndjson#ImpoEner:Enlace:2026-06-01:2026-06-30
2026-06-22,ECUADOR 230,25307.860000000004,8030.73,18,6,xm:servapibi,2026-09-22T19:29:57Z,xm/2026/06/ExpoEner_Enlace.2026-06-01.ndjson#ExpoEner:Enlace:2026-06-01:2026-06-30 xm/2026/06/ImpoEner_Enlace.2026-06-01.ndjson#ImpoEner:Enlace:2026-06-01:2026-06-30
2026-06-23,ECUADOR 230,38189.18,9041.54,17,7,xm:servapibi,2026-09-22T19:29:57Z,xm/2026/06/ExpoEner_Enlace.2026-06-01.ndjson#ExpoEner:Enlace:2026-06-01:2026-06-30 xm/2026/06/ImpoEner_Enlace.2026-06-01.ndjson#ImpoEner:Enlace:2026-06-01:2026-06-30
2026-06-24,ECUADOR 230,31124.2,13323.220000000001,14,10,xm:servapibi,2026-09-22T19:29:57Z,xm/2026/06/ExpoEner_Enlace.2026-06-01.ndjson#ExpoEner:Enlace:2026-06-01:2026-06-30 xm/2026/06/ImpoEner_Enlace.2026-06-01.ndjson#ImpoEner:Enlace:2026-06-01:2026-06-30
2026-06-25,ECUADOR 230,20412.640000000003,13238.8,13,11,xm:servapibi,2026-09-22T19:29:57Z,xm/2026/06/ExpoEner_Enlace.2026-06-01.ndjson#ExpoEner:Enlace:2026-06-01:2026-06-30 xm/2026/06/ImpoEner_Enlace.2026-06-01.ndjson#ImpoEner:Enlace:2026-06-01:2026-06-30
2026-06-26,ECUADOR 230,18038.7,9500.909999999998,13,11,xm:servapibi,2026-09-22T19:29:57Z,xm/2026/06/ExpoEner_Enlace.2026-06-01.ndjson#ExpoEner:Enlace:2026-06-01:2026-06-30 xm/2026/06/ImpoEner_Enlace.2026-06-01.ndjson#ImpoEner:Enlace:2026-06-01:2026-06-30
2026-06-27,ECUADOR 230,27249.35,6245.879999999999,16,8,xm:servapibi,2026-09-22T19:29:57Z,xm/2026/06/ExpoEner_Enlace.2026-06-01.ndjson#ExpoEner:Enlace:2026-06-01:2026-06-30 xm/2026/06/ImpoEner_Enlace.2026-06-01.ndjson#ImpoEner:Enlace:2026-06-01:2026-06-30
2026-06-28,ECUADOR 230,9146.550000000001,7043.59,9,8,xm:servapibi,2026-09-22T19:29:57Z,xm/2026/06/ExpoEner_Enlace.2026-06-01.ndjson#ExpoEner:Enlace:2026-06-01:2026-06-30 xm/2026/06/ImpoEner_Enlace.2026-06-01.ndjson#ImpoEner:Enlace:2026-06-01:2026-06-30
2026-06-29,ECUADOR 230,42480.869999999995,23594.510000000002,13,11,xm:servapibi,2026-09-22T19:29:57Z,xm/2026/06/ExpoEner_Enlace.2026-06-01.ndjson#ExpoEner:Enlace:2026-06-01:2026-06-30 xm/2026/06/ImpoEner_Enlace.2026-06-01.ndjson#ImpoEner:Enlace:2026-06-01:2026-06-30
2026-06-30,ECUADOR 230,62137.459999999985,23554.329999999998,18,6,xm:servapibi,2026-09-22T19:29:57Z,xm/2026/06/ExpoEner_Enlace.2026-06-01.ndjson#ExpoEner:Enlace:2026-06-01:2026-06-30 xm/2026/06/ImpoEner_Enlace.2026-06-01.ndjson#ImpoEner:Enlace:2026-06-01:2026-06-30
2026-07-01,ECUADOR 230,32756.259999999995,6025.599999999999,17,7,xm:servapibi,2026-09-22T19:30:13Z,xm/2026/07/ExpoEner_Enlace.2026-07-01.ndjson#ExpoEner:Enlace:2026-07-01:2026-07-31 xm/2026/07/ImpoEner_Enlace.2026-07-01.ndjson#ImpoEner:Enlace:2026-07-01:2026-07-31
2026-07-02,ECUADOR 230,22976.440000000006,18647.08,13,11,xm:servapibi,2026-09-22T19:30:13Z,xm/2026/07/ExpoEner_Enlace.2026-07-01.ndjson#ExpoEner:Enlace:2026-07-01:2026-07-31 xm/2026/07/ImpoEner_Enlace.2026-07-01.ndjson#ImpoEner:Enlace:2026-07-01:2026-07-31
2026-07-03,ECUADOR 230,16984.84,12796.910000000003,16,8,xm:servapibi,2026-09-22T19:30:13Z,xm/2026/07/ExpoEner_Enlace.2026-07-01.ndjson#ExpoEner:Enlace:2026-07-01:2026-07-31 xm/2026/07/ImpoEner_Enlace.2026-07-01.ndjson#ImpoEner:Enlace:2026-07-01:2026-07-31
2026-07-04,ECUADOR 230,25646.809999999998,7251.43,16,8,xm:servapibi,2026-09-22T19:30:13Z,xm/2026/07/ExpoEner_Enlace.2026-07-01.ndjson#ExpoEner:Enlace:2026-07-01:2026-07-31 xm/2026/07/ImpoEner_Enlace.2026-07-01.ndjson#ImpoEner:Enlace:2026-07-01:2026-07-31
2026-07-05,ECUADOR 230,17666.239999999998,6553.169999999999,16,8,xm:servapibi,2026-09-22T19:30:13Z,xm/2026/07/ExpoEner_Enlace.2026-07-01.ndjson#ExpoEner:Enlace:2026-07-01:2026-07-31 xm/2026/07/ImpoEner_Enlace.2026-07-01.ndjson#ImpoEner:Enlace:2026-07-01:2026-07-31
2026-07-06,ECUADOR 230,23009.019999999993,12297.650000000001,16,8,xm:servapibi,2026-09-22T19:30:13Z,xm/2026/07/ExpoEner_Enlace.2026-07-01.ndjson#ExpoEner:Enlace:2026-07-01:2026-07-31 xm/2026/07/ImpoEner_Enlace.2026-07-01.ndjson#ImpoEner:Enlace:2026-07-01:2026-07-31
2026-07-07,ECUADOR 230,38982.21000000001,13801.7,15,9,xm:servapibi,2026-09-22T19:30:13Z,xm/2026/07/ExpoEner_Enlace.2026-07-01.ndjson#ExpoEner:Enlace:2026-07-01:2026-07-31 xm/2026/07/ImpoEner_Enlace.2026-07-01.ndjson#ImpoEner:Enlace:2026-07-01:2026-07-31
2026-07-08,ECUADOR 230,28793.910000000003,7999.1,19,5,xm:servapibi,2026-09-22T19:30:13Z,xm/2026/07/ExpoEner_Enlace.2026-07-01.ndjson#ExpoEner:Enlace:2026-07-01:2026-07-31 xm/2026/07/ImpoEner_Enlace.2026-07-01.ndjson#ImpoEner:Enlace:2026-07-01:2026-07-31
2026-07-09,ECUADOR 230,31577.3,8054.790000000001,17,7,xm:servapibi,2026-09-22T19:30:13Z,xm/2026/07/ExpoEner_Enlace.2026-07-01.ndjson#ExpoEner:Enlace:2026-07-01:2026-07-31 xm/2026/07/ImpoEner_Enlace.2026-07-01.ndjson#ImpoEner:Enlace:2026-07-01:2026-07-31
2026-07-10,ECUADOR 230,25551.29,10831.64,16,8,xm:servapibi,2026-09-22T19:30:13Z,xm/2026/07/ExpoEner_Enlace.2026-07-01.ndjson#ExpoEner:Enlace:2026-07-01:2026-07-31 xm/2026/07/ImpoEner_Enlace.2026-07-01.ndjson#ImpoEner:Enlace:2026-07-01:2026-07-31
2026-07-11,ECUADOR 230,20596.090000000004,6975.599999999999,17,7,xm:servapibi,2026-09-22T19:30:13Z,xm/2026/07/ExpoEner_Enlace.2026-07-01.ndjson#ExpoEner:Enlace:2026-07-01:2026-07-31 xm/2026/07/ImpoEner_Enlace.2026-07-01.ndjson#ImpoEner:Enlace:2026-07-01:2026-07-31
2026-07-12,ECUADOR 230,22043.820000000003,5506.650000000001,16,8,xm:servapibi,2026-09-22T19:30:13Z,xm/2026/07/ExpoEner_Enlace.2026-07-01.ndjson#ExpoEner:Enlace:2026-07-01:2026-07-31 xm/2026/07/ImpoEner_Enlace.2026-07-01.ndjson#ImpoEner:Enlace:2026-07-01:2026-07-31
2026-07-13,ECUADOR 230,27320.729999999996,7341.320000000001,16,8,xm:servapibi,2026-09-22T19:30:13Z,xm/2026/07/ExpoEner_Enlace.2026-07-01.ndjson#ExpoEner:Enlace:2026-07-01:2026-07-31 xm/2026/07/ImpoEner_Enlace.2026-07-01.ndjson#ImpoEner:Enlace:2026-07-01:2026-07-31
2026-07-14,ECUADOR 230,26548.760000000002,9387.66,17,7,xm:servapibi,2026-09-22T19:30:13Z,xm/2026/07/ExpoEner_Enlace.2026-07-01.ndjson#ExpoEner:Enlace:2026-07-01:2026-07-31 xm/2026/07/ImpoEner_Enlace.2026-07-01.ndjson#ImpoEner:Enlace:2026-07-01:2026-07-31
2026-07-15,ECUADOR 230,29284.360000000004,4818.3099999999995,17,7,xm:servapibi,2026-09-22T19:30:13Z,xm/2026/07/ExpoEner_Enlace.2026-07-01.ndjson#ExpoEner:Enlace:2026-07-01:2026-07-31 xm/2026/07/ImpoEner_Enlace.2026-07-01.ndjson#ImpoEner:Enlace:2026-07-01:2026-07-31
2026-07-16,ECUADOR 230,23116.340000000004,8275.189999999999,14,10,xm:servapibi,2026-09-22T19:30:13Z,xm/2026/07/ExpoEner_Enlace.2026-07-01.ndjson#ExpoEner:Enlace:2026-07-01:2026-07-31 xm/2026/07/ImpoEner_Enlace.2026-07-01.ndjson#ImpoEner:Enlace:2026-07-01:2026-07-31
2026-07-17,ECUADOR 230,26673.57,6882.21,16,8,xm:servapibi,2026-09-22T19:30:13Z,xm/2026/07/ExpoEner_Enlace.2026-07-01.ndjson#ExpoEner:Enlace:2026-07-01:2026-07-31 xm/2026/07/ImpoEner_Enlace.2026-07-01.ndjson#ImpoEner:Enlace:2026-07-01:2026-07-31
2026-07-18,ECUADOR 230,22821.499999999996,5260.77,17,7,xm:servapibi,2026-09-22T19:30:13Z,xm/2026/07/ExpoEner_Enlace.2026-07-01.ndjson#ExpoEner:Enlace:2026-07-01:2026-07-31 xm/2026/07/ImpoEner_Enlace.2026-07-01.ndjson#ImpoEner:Enlace:2026-07-01:2026-07-31
2026-07-19,ECUADOR 230,19653.129999999997,7083.039999999999,16,8,xm:servapibi,2026-09-22T19:30:13Z,xm/2026/07/ExpoEner_Enlace.2026-07-01.ndjson#ExpoEner:Enlace:2026-07-01:2026-07-31 xm/2026/07/ImpoEner_Enlace.2026-07-01.ndjson#ImpoEner:Enlace:2026-07-01:2026-07-31
2026-07-20,ECUADOR 230,22356.939999999995,7713.9800000000005,15,9,xm:servapibi,2026-09-22T19:30:13Z,xm/2026/07/ExpoEner_Enlace.2026-07-01.ndjson#ExpoEner:Enlace:2026-07-01:2026-07-31 xm/2026/07/ImpoEner_Enlace.2026-07-01.ndjson#ImpoEner:Enlace:2026-07-01:2026-07-31
2026-07-21,ECUADOR 230,35860.009999999995,3013.55,19,5,xm:servapibi,2026-09-22T19:30:13Z,xm/2026/07/ExpoEner_Enlace.2026-07-01.ndjson#ExpoEner:Enlace:2026-07-01:2026-07-31 xm/2026/07/ImpoEner_Enlace.2026-07-01.ndjson#ImpoEner:Enlace:2026-07-01:2026-07-31
2026-07-22,ECUADOR 230,43851.729999999996,6917.150000000001,16,8,xm:servapibi,2026-09-22T19:30:13Z,xm/2026/07/ExpoEner_Enlace.2026-07-01.ndjson#ExpoEner:Enlace:2026-07-01:2026-07-31 xm/2026/07/ImpoEner_Enlace.2026-07-01.ndjson#ImpoEner:Enlace:2026-07-01:2026-07-31
2026-07-23,ECUADOR 230,33798.83,3187.68,19,5,xm:servapibi,2026-09-22T19:30:13Z,xm/2026/07/ExpoEner_Enlace.2026-07-01.ndjson#ExpoEner:Enlace:2026-07-01:2026-07-31 xm/2026/07/ImpoEner_Enlace.2026-07-01.ndjson#ImpoEner:Enlace:2026-07-01:2026-07-31
2026-07-24,ECUADOR 230,17328.54,10154.759999999998,14,10,xm:servapibi,2026-09-22T19:30:13Z,xm/2026/07/ExpoEner_Enlace.2026-07-01.ndjson#ExpoEner:Enlace:2026-07-01:2026-07-31 xm/2026/07/ImpoEner_Enlace.2026-07-01.ndjson#ImpoEner:Enlace:2026-07-01:2026-07-31
2026-07-25,ECUADOR 230,34657.01,3629.5699999999997,22,2,xm:servapibi,2026-09-22T19:30:13Z,xm/2026/07/ExpoEner_Enlace.2026-07-01.ndjson#ExpoEner:Enlace:2026-07-01:2026-07-31 xm/2026/07/ImpoEner_Enlace.2026-07-01.ndjson#ImpoEner:Enlace:2026-07-01:2026-07-31
2026-07-26,ECUADOR 230,21953.550000000007,13335.37,12,12,xm:servapibi,2026-09-22T19:30:13Z,xm/2026/07/ExpoEner_Enlace.2026-07-01.ndjson#ExpoEner:Enlace:2026-07-01:2026-07-31 xm/2026/07/ImpoEner_Enlace.2026-07-01.ndjson#ImpoEner:Enlace:2026-07-01:2026-07-31
2026-07-27,ECUADOR 230,24068.779999999995,4988.900000000001,14,10,xm:servapibi,2026-09-22T19:30:13Z,xm/2026/07/ExpoEner_Enlace.2026-07-01.ndjson#ExpoEner:Enlace:2026-07-01:2026-07-31 xm/2026/07/ImpoEner_Enlace.2026-07-01.ndjson#ImpoEner:Enlace:2026-07-01:2026-07-31
2026-07-28,ECUADOR 230,27550.3,4421.000000000001,18,6,xm:servapibi,2026-09-22T19:30:13Z,xm/2026/07/ExpoEner_Enlace.2026-07-01.ndjson#ExpoEner:Enlace:2026-07-01:2026-07-31 xm/2026/07/ImpoEner_Enlace.2026-07-01.ndjson#ImpoEner:Enlace:2026-07-01:2026-07-31
2026-07-29,ECUADOR 230,19129.649999999998,5196.84,15,9,xm:servapibi,2026-09-22T19:30:13Z,xm/2026/07/ExpoEner_Enlace.2026-07-01.ndjson#ExpoEner:Enlace:2026-07-01:2026-07-31 xm/2026/07/ImpoEner_Enlace.2026-07-01.ndjson#ImpoEner:Enlace:2026-07-01:2026-07-31
2026-07-30,ECUADOR 230,25105.379999999997,5663.77,17,7,xm:servapibi,2026-09-22T19:30:13Z,xm/2026/07/ExpoEner_Enlace.2026-07-01.ndjson#ExpoEner:Enlace:2026-07-01:2026-07-31 xm/2026/07/ImpoEner_Enlace.2026-07-01.ndjson#ImpoEner:Enlace:2026-07-01:2026-07-31
2026-07-31,ECUADOR 230,27172.07,5702.27,17,7,xm:servapibi,2026-09-22T19:30:13Z,xm/2026/07/ExpoEner_Enlace.2026-07-01.ndjson#ExpoEner:Enlace:2026-07-01:2026-07-31 xm/2026/07/ImpoEner_Enlace.2026-07-01.ndjson#ImpoEner:Enlace:2026-07-01:2026-07-31
2026-08-01,ECUADOR 230,20377.91,2194.57,18,6,xm:servapibi,2026-09-22T19:30:31Z,xm/2026/08/ExpoEner_Enlace.2026-08-01.ndjson#ExpoEner:Enlace:2026-08-01:2026-08-31 xm/2026/08/ImpoEner_Enlace.2026-08-01.ndjson#ImpoEner:Enlace:2026-08-01:2026-08-31
2026-08-02,ECUADOR 230,20840.510000000002,4136.73,18,6,xm:servapibi,2026-09-22T19:30:31Z,xm/2026/08/ExpoEner_Enlace.2026-08-01.ndjson#ExpoEner:Enlace:2026-08-01:2026-08-31 xm/2026/08/ImpoEner_Enlace.2026-08-01.ndjson#ImpoEner:Enlace:2026-08-01:2026-08-31
2026-08-03,ECUADOR 230,24684.559999999994,5092.97,15,9,xm:servapibi,2026-09-22T19:30:31Z,xm/2026/08/ExpoEner_Enlace.2026-08-01.ndjson#ExpoEner:Enlace:2026-08-01:2026-08-31 xm/2026/08/ImpoEner_Enlace.2026-08-01.ndjson#ImpoEner:Enlace:2026-08-01:2026-08-31
2026-08-04,ECUADOR 230,29676.439999999995,10606.310000000001,17,7,xm:servapibi,2026-09-22T19:30:31Z,xm/2026/08/ExpoEner_Enlace.2026-08-01.ndjson#ExpoEner:Enlace:2026-08-01:2026-08-31 xm/2026/08/ImpoEner_Enlace.2026-08-01.ndjson#ImpoEner:Enlace:2026-08-01:2026-08-31
2026-08-05,ECUADOR 230,6847300.73,0,24,0,xm:servapibi,2026-09-22T19:30:31Z,xm/2026/08/ExpoEner_Enlace.2026-08-01.ndjson#ExpoEner:Enlace:2026-08-01:2026-08-31 xm/2026/08/ImpoEner_Enlace.2026-08-01.ndjson#ImpoEner:Enlace:2026-08-01:2026-08-31
2026-08-06,ECUADOR 230,9076217.22,0,24,0,xm:servapibi,2026-09-22T19:30:31Z,xm/2026/08/ExpoEner_Enlace.2026-08-01.ndjson#ExpoEner:Enlace:2026-08-01:2026-08-31 xm/2026/08/ImpoEner_Enlace.2026-08-01.ndjson#ImpoEner:Enlace:2026-08-01:2026-08-31
2026-08-07,ECUADOR 230,34015.6,6557.720000000001,17,7,xm:servapibi,2026-09-22T19:30:31Z,xm/2026/08/ExpoEner_Enlace.2026-08-01.ndjson#ExpoEner:Enlace:2026-08-01:2026-08-31 xm/2026/08/ImpoEner_Enlace.2026-08-01.ndjson#ImpoEner:Enlace:2026-08-01:2026-08-31
2026-08-08,ECUADOR 230,30889.21,5039.57,19,5,xm:servapibi,2026-09-22T19:30:31Z,xm/2026/08/ExpoEner_Enlace.2026-08-01.ndjson#ExpoEner:Enlace:2026-08-01:2026-08-31 xm/2026/08/ImpoEner_Enlace.2026-08-01.ndjson#ImpoEner:Enlace:2026-08-01:2026-08-31
2026-08-09,ECUADOR 230,24787.31,7330.59,15,9,xm:servapibi,2026-09-22T19:30:31Z,xm/2026/08/ExpoEner_Enlace.2026-08-01.ndjson#ExpoEner:Enlace:2026-08-01:2026-08-31 xm/2026/08/ImpoEner_Enlace.2026-08-01.ndjson#ImpoEner:Enlace:2026-08-01:2026-08-31
2026-08-10,ECUADOR 230,48149.84,12720.91,16,8,xm:servapibi,2026-09-22T19:30:31Z,xm/2026/08/ExpoEner_Enlace.2026-08-01.ndjson#ExpoEner:Enlace:2026-08-01:2026-08-31 xm/2026/08/ImpoEner_Enlace.2026-08-01.ndjson#ImpoEner:Enlace:2026-08-01:2026-08-31
2026-08-11,ECUADOR 230,3695252,829.4000000000001,22,2,xm:servapibi,2026-09-22T19:30:31Z,xm/2026/08/ExpoEner_Enlace.2026-08-01.ndjson#ExpoEner:Enlace:2026-08-01:2026-08-31 xm/2026/08/ImpoEner_Enlace.2026-08-01.ndjson#ImpoEner:Enlace:2026-08-01:2026-08-31
2026-08-12,ECUADOR 230,4922525.81,0,24,0,xm:servapibi,2026-09-22T19:30:31Z,xm/2026/08/ExpoEner_Enlace.2026-08-01.ndjson#ExpoEner:Enlace:2026-08-01:2026-08-31 xm/2026/08/ImpoEner_Enlace.2026-08-01.ndjson#ImpoEner:Enlace:2026-08-01:2026-08-31
2026-08-13,ECUADOR 230,45825.98,9734.710000000001,18,6,xm:servapibi,2026-09-22T19:30:31Z,xm/2026/08/ExpoEner_Enlace.2026-08-01.ndjson#ExpoEner:Enlace:2026-08-01:2026-08-31 xm/2026/08/ImpoEner_Enlace.2026-08-01.ndjson#ImpoEner:Enlace:2026-08-01:2026-08-31
2026-08-14,ECUADOR 230,313672.63,10772.98,15,9,xm:servapibi,2026-09-22T19:30:31Z,xm/2026/08/ExpoEner_Enlace.2026-08-01.ndjson#ExpoEner:Enlace:2026-08-01:2026-08-31 xm/2026/08/ImpoEner_Enlace.2026-08-01.ndjson#ImpoEner:Enlace:2026-08-01:2026-08-31
2026-08-15,ECUADOR 230,321303.35,4792.49,18,6,xm:servapibi,2026-09-22T19:30:31Z,xm/2026/08/ExpoEner_Enlace.2026-08-01.ndjson#ExpoEner:Enlace:2026-08-01:2026-08-31 xm/2026/08/ImpoEner_Enlace.2026-08-01.ndjson#ImpoEner:Enlace:2026-08-01:2026-08-31
2026-08-16,ECUADOR 230,26953.54,5292.16,21,3,xm:servapibi,2026-09-22T19:30:31Z,xm/2026/08/ExpoEner_Enlace.2026-08-01.ndjson#ExpoEner:Enlace:2026-08-01:2026-08-31 xm/2026/08/ImpoEner_Enlace.2026-08-01.ndjson#ImpoEner:Enlace:2026-08-01:2026-08-31
2026-08-17,ECUADOR 230,22029.219999999998,2780.45,19,5,xm:servapibi,2026-09-22T19:30:31Z,xm/2026/08/ExpoEner_Enlace.2026-08-01.ndjson#ExpoEner:Enlace:2026-08-01:2026-08-31 xm/2026/08/ImpoEner_Enlace.2026-08-01.ndjson#ImpoEner:Enlace:2026-08-01:2026-08-31
2026-08-18,ECUADOR 230,324657.83,6793.6900000000005,20,4,xm:servapibi,2026-09-22T19:30:31Z,xm/2026/08/ExpoEner_Enlace.2026-08-01.ndjson#ExpoEner:Enlace:2026-08-01:2026-08-31 xm/2026/08/ImpoEner_Enlace.2026-08-01.ndjson#ImpoEner:Enlace:2026-08-01:2026-08-31
2026-08-19,ECUADOR 230,1335883.43,6058.33,21,3,xm:servapibi,2026-09-23T20:29:30Z,xm/2026/08/ExpoEner_Enlace.2026-08-19.ndjson#ExpoEner:Enlace:2026-08-19:2026-08-31 xm/2026/08/ImpoEner_Enlace.2026-08-19.ndjson#ImpoEner:Enlace:2026-08-19:2026-08-31
2026-08-20,ECUADOR 230,1333175.34,2242.72,22,2,xm:servapibi,2026-09-23T20:29:30Z,xm/2026/08/ExpoEner_Enlace.2026-08-19.ndjson#ExpoEner:Enlace:2026-08-19:2026-08-31 xm/2026/08/ImpoEner_Enlace.2026-08-19.ndjson#ImpoEner:Enlace:2026-08-19:2026-08-31
2026-08-21,ECUADOR 230,2668107.9,6519.21,20,4,xm:servapibi,2026-09-23T20:29:30Z,xm/2026/08/ExpoEner_Enlace.2026-08-19.ndjson#ExpoEner:Enlace:2026-08-19:2026-08-31 xm/2026/08/ImpoEner_Enlace.2026-08-19.ndjson#ImpoEner:Enlace:2026-08-19:2026-08-31
2026-08-22,ECUADOR 230,1497597.9799999997,5896.45,19,5,xm:servapibi,2026-09-23T20:29:30Z,xm/2026/08/ExpoEner_Enlace.2026-08-19.ndjson#ExpoEner:Enlace:2026-08-19:2026-08-31 xm/2026/08/ImpoEner_Enlace.2026-08-19.ndjson#ImpoEner:Enlace:2026-08-19:2026-08-31
2026-08-23,ECUADOR 230,3826477.2300000004,0,24,0,xm:servapibi,2026-09-23T20:29:30Z,xm/2026/08/ExpoEner_Enlace.2026-08-19.ndjson#ExpoEner:Enlace:2026-08-19:2026-08-31 xm/2026/08/ImpoEner_Enlace.2026-08-19.ndjson#ImpoEner:Enlace:2026-08-19:2026-08-31
2026-08-24,ECUADOR 230,7615626.029999999,0,24,0,xm:servapibi,2026-09-23T20:29:30Z,xm/2026/08/ExpoEner_Enlace.2026-08-19.ndjson#ExpoEner:Enlace:2026-08-19:2026-08-31 xm/2026/08/ImpoEner_Enlace.2026-08-19.ndjson#ImpoEner:Enlace:2026-08-19:2026-08-31
2026-08-25,ECUADOR 230,8011108.410000001,0,24,0,xm:servapibi,2026-09-23T20:29:30Z,xm/2026/08/ExpoEner_Enlace.2026-08-19.ndjson#ExpoEner:Enlace:2026-08-19:2026-08-31 xm/2026/08/ImpoEner_Enlace.2026-08-19.ndjson#ImpoEner:Enlace:2026-08-19:2026-08-31
2026-08-26,ECUADOR 230,8572400.15,0,24,0,xm:servapibi,2026-09-23T20:29:30Z,xm/2026/08/ExpoEner_Enlace.2026-08-19.ndjson#ExpoEner:Enlace:2026-08-19:2026-08-31 xm/2026/08/ImpoEner_Enlace.2026-08-19.ndjson#ImpoEner:Enlace:2026-08-19:2026-08-31
2026-08-27,ECUADOR 230,8526466.49,0,24,0,xm:servapibi,2026-09-23T20:29:30Z,xm/2026/08/ExpoEner_Enlace.2026-08-19.ndjson#ExpoEner:Enlace:2026-08-19:2026-08-31 xm/2026/08/ImpoEner_Enlace.2026-08-19.ndjson#ImpoEner:Enlace:2026-08-19:2026-08-31
2026-08-28,ECUADOR 230,8148785.699999997,0,24,0,xm:servapibi,2026-09-23T20:29:30Z,xm/2026/08/ExpoEner_Enlace.2026-08-19.ndjson#ExpoEner:Enlace:2026-08-19:2026-08-31 xm/2026/08/ImpoEner_Enlace.2026-08-19.ndjson#ImpoEner:Enlace:2026-08-19:2026-08-31
2026-08-29,ECUADOR 230,7036517.460000001,0,24,0,xm:servapibi,2026-09-23T20:29:30Z,xm/2026/08/ExpoEner_Enlace.2026-08-19.ndjson#ExpoEner:Enlace:2026-08-19:2026-08-31 xm/2026/08/ImpoEner_Enlace.2026-08-19.ndjson#ImpoEner:Enlace:2026-08-19:2026-08-31
2026-08-30,ECUADOR 230,4320913.17,0,24,0,xm:servapibi,2026-09-23T20:29:30Z,xm/2026/08/ExpoEner_Enlace.2026-08-19.ndjson#ExpoEner:Enlace:2026-08-19:2026-08-31 xm/2026/08/ImpoEner_Enlace.2026-08-19.ndjson#ImpoEner:Enlace:2026-08-19:2026-08-31
2026-08-31,ECUADOR 230,7390809.170000002,0,24,0,xm:servapibi,2026-09-23T20:29:30Z,xm/2026/08/ExpoEner_Enlace.2026-08-19.ndjson#ExpoEner:Enlace:2026-08-19:2026-08-31 xm/2026/08/ImpoEner_Enlace.2026-08-19.ndjson#ImpoEner:Enlace:2026-08-19:2026-08-31
2026-09-01,ECUADOR 230,7774488.310000001,0,24,0,xm:servapibi,2026-09-23T20:29:44Z,xm/2026/09/ExpoEner_Enlace.2026-09-01.ndjson#ExpoEner:Enlace:2026-09-01:2026-09-22 xm/2026/09/ImpoEner_Enlace.2026-09-01.ndjson#ImpoEner:Enlace:2026-09-01:2026-09-22
2026-09-02,ECUADOR 230,7538392.140000002,0,24,0,xm:servapibi,2026-09-23T20:29:44Z,xm/2026/09/ExpoEner_Enlace.2026-09-01.ndjson#ExpoEner:Enlace:2026-09-01:2026-09-22 xm/2026/09/ImpoEner_Enlace.2026-09-01.ndjson#ImpoEner:Enlace:2026-09-01:2026-09-22
2026-09-03,ECUADOR 230,7527870.4399999995,0,24,0,xm:servapibi,2026-09-23T20:29:44Z,xm/2026/09/ExpoEner_Enlace.2026-09-01.ndjson#ExpoEner:Enlace:2026-09-01:2026-09-22 xm/2026/09/ImpoEner_Enlace.2026-09-01.ndjson#ImpoEner:Enlace:2026-09-01:2026-09-22
2026-09-04,ECUADOR 230,8492364.819999998,0,24,0,xm:servapibi,2026-09-23T20:29:44Z,xm/2026/09/ExpoEner_Enlace.2026-09-01.ndjson#ExpoEner:Enlace:2026-09-01:2026-09-22 xm/2026/09/ImpoEner_Enlace.2026-09-01.ndjson#ImpoEner:Enlace:2026-09-01:2026-09-22
2026-09-05,ECUADOR 230,5981241.5600000005,0,24,0,xm:servapibi,2026-09-23T20:29:44Z,xm/2026/09/ExpoEner_Enlace.2026-09-01.ndjson#ExpoEner:Enlace:2026-09-01:2026-09-22 xm/2026/09/ImpoEner_Enlace.2026-09-01.ndjson#ImpoEner:Enlace:2026-09-01:2026-09-22
2026-09-06,ECUADOR 230,3517132.2000000007,2340.85,21,3,xm:servapibi,2026-09-23T20:29:44Z,xm/2026/09/ExpoEner_Enlace.2026-09-01.ndjson#ExpoEner:Enlace:2026-09-01:2026-09-22 xm/2026/09/ImpoEner_Enlace.2026-09-01.ndjson#ImpoEner:Enlace:2026-09-01:2026-09-22
2026-09-07,ECUADOR 230,25325.890000000007,7221.860000000001,18,6,xm:servapibi,2026-09-23T20:29:44Z,xm/2026/09/ExpoEner_Enlace.2026-09-01.ndjson#ExpoEner:Enlace:2026-09-01:2026-09-22 xm/2026/09/ImpoEner_Enlace.2026-09-01.ndjson#ImpoEner:Enlace:2026-09-01:2026-09-22
2026-09-08,ECUADOR 230,17371.95,2858.25,17,7,xm:servapibi,2026-09-23T20:29:44Z,xm/2026/09/ExpoEner_Enlace.2026-09-01.ndjson#ExpoEner:Enlace:2026-09-01:2026-09-22 xm/2026/09/ImpoEner_Enlace.2026-09-01.ndjson#ImpoEner:Enlace:2026-09-01:2026-09-22
2026-09-09,ECUADOR 230,21043.36,2746.96,21,3,xm:servapibi,2026-09-23T20:29:44Z,xm/2026/09/ExpoEner_Enlace.2026-09-01.ndjson#ExpoEner:Enlace:2026-09-01:2026-09-22 xm/2026/09/ImpoEner_Enlace.2026-09-01.ndjson#ImpoEner:Enlace:2026-09-01:2026-09-22
2026-09-10,ECUADOR 230,17851.579999999998,121.32000000000001,21,3,xm:servapibi,2026-09-23T20:29:44Z,xm/2026/09/ExpoEner_Enlace.2026-09-01.ndjson#ExpoEner:Enlace:2026-09-01:2026-09-22 xm/2026/09/ImpoEner_Enlace.2026-09-01.ndjson#ImpoEner:Enlace:2026-09-01:2026-09-22
2026-09-11,ECUADOR 230,31825.879999999997,3630.95,21,3,xm:servapibi,2026-09-23T20:29:44Z,xm/2026/09/ExpoEner_Enlace.2026-09-01.ndjson#ExpoEner:Enlace:2026-09-01:2026-09-22 xm/2026/09/ImpoEner_Enlace.2026-09-01.ndjson#ImpoEner:Enlace:2026-09-01:2026-09-22
2026-09-12,ECUADOR 230,25403.35,7014.2300000000005,18,6,xm:servapibi,2026-09-23T20:29:44Z,xm/2026/09/ExpoEner_Enlace.2026-09-01.ndjson#ExpoEner:Enlace:2026-09-01:2026-09-22 xm/2026/09/ImpoEner_Enlace.2026-09-01.ndjson#ImpoEner:Enlace:2026-09-01:2026-09-22
2026-09-13,ECUADOR 230,27899.829999999998,8349.470000000001,17,7,xm:servapibi,2026-09-23T20:29:44Z,xm/2026/09/ExpoEner_Enlace.2026-09-01.ndjson#ExpoEner:Enlace:2026-09-01:2026-09-22 xm/2026/09/ImpoEner_Enlace.2026-09-01.ndjson#ImpoEner:Enlace:2026-09-01:2026-09-22
2026-09-14,ECUADOR 230,50145.479999999996,19176.42,18,6,xm:servapibi,2026-09-23T20:29:44Z,xm/2026/09/ExpoEner_Enlace.2026-09-01.ndjson#ExpoEner:Enlace:2026-09-01:2026-09-22 xm/2026/09/ImpoEner_Enlace.2026-09-01.ndjson#ImpoEner:Enlace:2026-09-01:2026-09-22
2026-09-15,ECUADOR 230,16059.01,6217.630000000001,15,9,xm:servapibi,2026-09-23T20:29:44Z,xm/2026/09/ExpoEner_Enlace.2026-09-01.ndjson#ExpoEner:Enlace:2026-09-01:2026-09-22 xm/2026/09/ImpoEner_Enlace.2026-09-01.ndjson#ImpoEner:Enlace:2026-09-01:2026-09-22
2026-09-16,ECUADOR 230,16039.65,2504.9300000000003,22,2,xm:servapibi,2026-09-23T20:29:44Z,xm/2026/09/ExpoEner_Enlace.2026-09-01.ndjson#ExpoEner:Enlace:2026-09-01:2026-09-22 xm/2026/09/ImpoEner_Enlace.2026-09-01.ndjson#ImpoEner:Enlace:2026-09-01:2026-09-22
2026-09-17,ECUADOR 230,52438.729999999996,10114.12,20,4,xm:servapibi,2026-09-23T20:29:44Z,xm/2026/09/ExpoEner_Enlace.2026-09-01.ndjson#ExpoEner:Enlace:2026-09-01:2026-09-22 xm/2026/09/ImpoEner_Enlace.2026-09-01.ndjson#ImpoEner:Enlace:2026-09-01:2026-09-22
2026-09-18,ECUADOR 230,22248.319999999996,8177.129999999999,16,8,xm:servapibi,2026-09-23T20:29:44Z,xm/2026/09/ExpoEner_Enlace.2026-09-01.ndjson#ExpoEner:Enlace:2026-09-01:2026-09-22 xm/2026/09/ImpoEner_Enlace.2026-09-01.ndjson#ImpoEner:Enlace:2026-09-01:2026-09-22
2026-09-19,ECUADOR 230,27015.930000000004,2156.69,22,2,xm:servapibi,2026-09-23T20:29:44Z,xm/2026/09/ExpoEner_Enlace.2026-09-01.ndjson#ExpoEner:Enlace:2026-09-01:2026-09-22 xm/2026/09/ImpoEner_Enlace.2026-09-01.ndjson#ImpoEner:Enlace:2026-09-01:2026-09-22
2026-09-20,ECUADOR 230,26169.99,3899.58,18,6,xm:servapibi,2026-09-23T20:29:44Z,xm/2026/09/ExpoEner_Enlace.2026-09-01.ndjson#ExpoEner:Enlace:2026-09-01:2026-09-22 xm/2026/09/ImpoEner_Enlace.2026-09-01.ndjson#ImpoEner:Enlace:2026-09-01:2026-09-22
