date,basin,latitude,longitude,kind,precip_mm,temp_mean_c,issued_at,source,fetched_at,raw_ref
2025-01-01,paute,-2.6,-78.6,era5,22.8,12.4,,open_meteo:era5,2026-09-22T08:49:52Z,open_meteo/2025/01/era5.2025-01-01.ndjson#era5:paute:-2.6:-78.6:2025-01-01:2025-12-31
2025-01-02,paute,-2.6,-78.6,era5,19.9,11.9,,open_meteo:era5,2026-09-22T08:49:52Z,open_meteo/2025/01/era5.2025-01-01.ndjson#era5:paute:-2.6:-78.6:2025-01-01:2025-12-31
2025-01-03,paute,-2.6,-78.6,era5,16.7,11.8,,open_meteo:era5,2026-09-22T08:49:52Z,open_meteo/2025/01/era5.2025-01-01.ndjson#era5:paute:-2.6:-78.6:2025-01-01:2025-12-31
2025-01-04,paute,-2.6,-78.6,era5,10.8,12.3,,open_meteo:era5,2026-09-22T08:49:52Z,open_meteo/2025/01/era5.2025-01-01.ndjson#era5:paute:-2.6:-78.6:2025-01-01:2025-12-31
2025-01-05,paute,-2.6,-78.6,era5,3.6,12.8,,open_meteo:era5,2026-09-22T08:49:52Z,open_meteo/2025/01/era5.2025-01-01.ndjson#era5:paute:-2.6:-78.6:2025-01-01:2025-12-31
2025-01-06,paute,-2.6,-78.6,era5,3.6,13,,open_meteo:era5,2026-09-22T08:49:52Z,open_meteo/2025/01/era5.2025-01-01.ndjson#era5:paute:-2.6:-78.6:2025-01-01:2025-12-31
2025-01-07,paute,-2.6,-78.6,era5,9.3,13,,open_meteo:era5,2026-09-22T08:49:52Z,open_meteo/2025/01/era5.2025-01-01.ndjson#era5:paute:-2.6:-78.6:2025-01-01:2025-12-31
2025-01-08,paute,-2.6,-78.6,era5,20.6,13.2,,open_meteo:era5,2026-09-22T08:49:52Z,open_meteo/2025/01/era5.2025-01-01.ndjson#era5:paute:-2.6:-78.6:2025-01-01:2025-12-31
2025-01-09,paute,-2.6,-78.6,era5,20.2,13.1,,open_meteo:era5,2026-09-22T08:49:52Z,open_meteo/2025/01/era5.2025-01-01.ndjson#era5:paute:-2.6:-78.6:2025-01-01:2025-12-31
2025-01-10,paute,-2.6,-78.6,era5,11.7,12.8,,open_meteo:era5,2026-09-22T08:49:52Z,open_meteo/2025/01/era5.2025-01-01.ndjson#era5:paute:-2.6:-78.6:2025-01-01:2025-12-31
2025-01-11,paute,-2.6,-78.6,era5,5.6,12.7,,open_meteo:era5,2026-09-22T08:49:52Z,open_meteo/2025/01/era5.2025-01-01.ndjson#era5:paute:-2.6:-78.6:2025-01-01:2025-12-31
2025-01-12,paute,-2.6,-78.6,era5,2.6,13,,open_meteo:era5,2026-09-22T08:49:52Z,open_meteo/2025/01/era5.2025-01-01.ndjson#era5:paute:-2.6:-78.6:2025-01-01:2025-12-31
2025-01-13,paute,-2.6,-78.6,era5,1.2,13.2,,open_meteo:era5,2026-09-22T08:49:52Z,open_meteo/2025/01/era5.2025-01-01.ndjson#era5:paute:-2.6:-78.6:2025-01-01:2025-12-31
2025-01-14,paute,-2.6,-78.6,era5,3.7,13.3,,open_meteo:era5,2026-09-22T08:49:52Z,open_meteo/2025/01/era5.2025-01-01.ndjson#era5:paute:-2.6:-78.6:2025-01-01:2025-12-31
2025-01-15,paute,-2.6,-78.6,era5,9.4,13.2,,open_meteo:era5,2026-09-22T08:49:52Z,open_meteo/2025/01/era5.2025-01-01.ndjson#era5:paute:-2.6:-78.6:2025-01-01:2025-12-31
2025-01-16,paute,-2.6,-78.6,era5,16.6,13,,open_meteo:era5,2026-09-22T08:49:52Z,open_meteo/2025/01/era5.2025-01-01.ndjson#era5:paute:-2.6:-78.6:2025-01-01:2025-12-31
2025-01-17,paute,-2.6,-78.6,era5,19.6,12.3,,open_meteo:era5,2026-09-22T08:49:52Z,open_meteo/2025/01/era5.2025-01-01.ndjson#era5:paute:-2.6:-78.6:2025-01-01:2025-12-31
2025-01-18,paute,-2.6,-78.6,era5,14.4,11.2,,open_meteo:era5,2026-09-22T08:49:52Z,open_meteo/2025/01/era5.2025-01-01.ndjson#era5:paute:-2.6:-78.6:2025-01-01:2025-12-31
2025-01-19,paute,-2.6,-78.6,era5,5.6,11.1,,open_meteo:era5,2026-09-22T08:49:52Z,open_meteo/2025/01/era5.2025-01-01.ndjson#era5:paute:-2.6:-78.6:2025-01-01:2025-12-31
2025-01-20,paute,-2.6,-78.6,era5,15.3,12.5,,open_meteo:era5,2026-09-22T08:49:52Z,open_meteo/2025/01/era5.2025-01-01.ndjson#era5:paute:-2.6:-78.6:2025-01-01:2025-12-31
2025-01-21,paute,-2.6,-78.6,era5,5.8,11,,open_meteo:era5,2026-09-22T08:49:52Z,open_meteo/2025/01/era5.2025-01-01.ndjson#era5:paute:-2.6:-78.6:2025-01-01:2025-12-31
2025-01-22,paute,-2.6,-78.6,era5,4.2,11.2,,open_meteo:era5,2026-09-22T08:49:52Z,open_meteo/2025/01/era5.2025-01-01.ndjson#era5:paute:-2.6:-78.6:2025-01-01:2025-12-31
2025-01-23,paute,-2.6,-78.6,era5,0,11.4,,open_meteo:era5,2026-09-22T08:49:52Z,open_meteo/2025/01/era5.2025-01-01.ndjson#era5:paute:-2.6:-78.6:2025-01-01:2025-12-31
2025-01-24,paute,-2.6,-78.6,era5,0.9,11.7,,open_meteo:era5,2026-09-22T08:49:52Z,open_meteo/2025/01/era5.2025-01-01.ndjson#era5:paute:-2.6:-78.6:2025-01-01:2025-12-31
2025-01-25,paute,-2.6,-78.6,era5,1.9,11.6,,open_meteo:era5,2026-09-22T08:49:52Z,open_meteo/2025/01/era5.2025-01-01.ndjson#era5:paute:-2.6:-78.6:2025-01-01:2025-12-31
2025-01-26,paute,-2.6,-78.6,era5,2.7,12,,open_meteo:era5,2026-09-22T08:49:52Z,open_meteo/2025/01/era5.2025-01-01.ndjson#era5:paute:-2.6:-78.6:2025-01-01:2025-12-31
2025-01-27,paute,-2.6,-78.6,era5,2.1,12.3,,open_meteo:era5,2026-09-22T08:49:52Z,open_meteo/2025/01/era5.2025-01-01.ndjson#era5:paute:-2.6:-78.6:2025-01-01:2025-12-31
2025-01-28,paute,-2.6,-78.6,era5,6.8,12.4,,open_meteo:era5,2026-09-22T08:49:52Z,open_meteo/2025/01/era5.2025-01-01.ndjson#era5:paute:-2.6:-78.6:2025-01-01:2025-12-31
2025-01-29,paute,-2.6,-78.6,era5,4.5,12.4,,open_meteo:era5,2026-09-22T08:49:52Z,open_meteo/2025/01/era5.2025-01-01.ndjson#era5:paute:-2.6:-78.6:2025-01-01:2025-12-31
2025-01-30,paute,-2.6,-78.6,era5,1.1,12.1,,open_meteo:era5,2026-09-22T08:49:52Z,open_meteo/2025/01/era5.2025-01-01.ndjson#era5:paute:-2.6:-78.6:2025-01-01:2025-12-31
2025-01-31,paute,-2.6,-78.6,era5,2.6,12.6,,open_meteo:era5,2026-09-22T08:49:52Z,open_meteo/2025/01/era5.2025-01-01.ndjson#era5:paute:-2.6:-78.6:2025-01-01:2025-12-31
2025-02-01,paute,-2.6,-78.6,era5,6.7,12.7,,open_meteo:era5,2026-09-22T08:49:52Z,open_meteo/2025/01/era5.2025-01-01.ndjson#era5:paute:-2.6:-78.6:2025-01-01:2025-12-31
2025-02-02,paute,-2.6,-78.6,era5,10.2,13,,open_meteo:era5,2026-09-22T08:49:52Z,open_meteo/2025/01/era5.2025-01-01.ndjson#era5:paute:-2.6:-78.6:2025-01-01:2025-12-31
2025-02-03,paute,-2.6,-78.6,era5,24.5,12.9,,open_meteo:era5,2026-09-22T08:49:52Z,open_meteo/2025/01/era5.2025-01-01.ndjson#era5:paute:-2.6:-78.6:2025-01-01:2025-12-31
2025-02-04,paute,-2.6,-78.6,era5,21.1,13,,open_meteo:era5,2026-09-22T08:49:52Z,open_meteo/2025/01/era5.2025-01-01.ndjson#era5:paute:-2.6:-78.6:2025-01-01:2025-12-31
2025-02-05,paute,-2.6,-78.6,era5,16.5,12.4,,open_meteo:era5,2026-09-22T08:49:52Z,open_meteo/2025/01/era5.2025-01-01.ndjson#era5:paute:-2.6:-78.6:2025-01-01:2025-12-31
2025-02-06,paute,-2.6,-78.6,era5,15.9,11.5,,open_meteo:era5,2026-09-22T08:49:52Z,open_meteo/2025/01/era5.2025-01-01.ndjson#era5:paute:-2.6:-78.6:2025-01-01:2025-12-31
2025-02-07,paute,-2.6,-78.6,era5,7,12.4,,open_meteo:era5,2026-09-22T08:49:52Z,open_meteo/2025/01/era5.2025-01-01.ndjson#era5:paute:-2.6:-78.6:2025-01-01:2025-12-31
2025-02-08,paute,-2.6,-78.6,era5,5.8,13.1,,open_meteo:era5,2026-09-22T08:49:52Z,open_meteo/2025/01/era5.2025-01-01.ndjson#era5:paute:-2.6:-78.6:2025-01-01:2025-12-31
2025-02-09,paute,-2.6,-78.6,era5,3.6,12.9,,open_meteo:era5,2026-09-22T08:49:52Z,open_meteo/2025/01/era5.2025-01-01.ndjson#era5:paute:-2.6:-78.6:2025-01-01:2025-12-31
2025-02-10,paute,-2.6,-78.6,era5,13.6,12.7,,open_meteo:era5,2026-09-22T08:49:52Z,open_meteo/2025/01/era5.2025-01-01.ndjson#era5:paute:-2.6:-78.6:2025-01-01:2025-12-31
2025-02-11,paute,-2.6,-78.6,era5,20.6,13,,open_meteo:era5,2026-09-22T08:49:52Z,open_meteo/2025/01/era5.2025-01-01.ndjson#era5:paute:-2.6:-78.6:2025-01-01:2025-12-31
2025-02-12,paute,-2.6,-78.6,era5,18.5,12.8,,open_meteo:era5,2026-09-22T08:49:52Z,open_meteo/2025/01/era5.2025-01-01.ndjson#era5:paute:-2.6:-78.6:2025-01-01:2025-12-31
2025-02-13,paute,-2.6,-78.6,era5,25.7,11.7,,open_meteo:era5,2026-09-22T08:49:52Z,open_meteo/2025/01/era5.2025-01-01.ndjson#era5:paute:-2.6:-78.6:2025-01-01:2025-12-31
2025-02-14,paute,-2.6,-78.6,era5,4.6,12.5,,open_meteo:era5,2026-09-22T08:49:52Z,open_meteo/2025/01/era5.2025-01-01.ndjson#era5:paute:-2.6:-78.6:2025-01-01:2025-12-31
2025-02-15,paute,-2.6,-78.6,era5,14.6,12.9,,open_meteo:era5,2026-09-22T08:49:52Z,open_meteo/2025/01/era5.2025-01-01.ndjson#era5:paute:-2.6:-78.6:2025-01-01:2025-12-31
2025-02-16,paute,-2.6,-78.6,era5,14.2,12.5,,open_meteo:era5,2026-09-22T08:49:52Z,open_meteo/2025/01/era5.2025-01-01.ndjson#era5:paute:-2.6:-78.6:2025-01-01:2025-12-31
2025-02-17,paute,-2.6,-78.6,era5,25.7,12.1,,open_meteo:era5,2026-09-22T08:49:52Z,open_meteo/2025/01/era5.2025-01-01.ndjson#era5:paute:-2.6:-78.6:2025-01-01:2025-12-31
2025-02-18,paute,-2.6,-78.6,era5,16.9,11.8,,open_meteo:era5,2026-09-22T08:49:52Z,open_meteo/2025/01/era5.2025-01-01.ndjson#era5:paute:-2.6:-78.6:2025-01-01:2025-12-31
2025-02-19,paute,-2.6,-78.6,era5,9.9,12.2,,open_meteo:era5,2026-09-22T08:49:52Z,open_meteo/2025/01/era5.2025-01-01.ndjson#era5:paute:-2.6:-78.6:2025-01-01:2025-12-31
2025-02-20,paute,-2.6,-78.6,era5,5.7,12,,open_meteo:era5,2026-09-22T08:49:52Z,open_meteo/2025/01/era5.2025-01-01.ndjson#era5:paute:-2.6:-78.6:2025-01-01:2025-12-31
2025-02-21,paute,-2.6,-78.6,era5,4.2,12.8,,open_meteo:era5,2026-09-22T08:49:52Z,open_meteo/2025/01/era5.2025-01-01.ndjson#era5:paute:-2.6:-78.6:2025-01-01:2025-12-31
2025-02-22,paute,-2.6,-78.6,era5,5.4,12.8,,open_meteo:era5,2026-09-22T08:49:52Z,open_meteo/2025/01/era5.2025-01-01.ndjson#era5:paute:-2.6:-78.6:2025-01-01:2025-12-31
2025-02-23,paute,-2.6,-78.6,era5,4,12.8,,open_meteo:era5,2026-09-22T08:49:52Z,open_meteo/2025/01/era5.2025-01-01.ndjson#era5:paute:-2.6:-78.6:2025-01-01:2025-12-31
2025-02-24,paute,-2.6,-78.6,era5,4.1,12.4,,open_meteo:era5,2026-09-22T08:49:52Z,open_meteo/2025/01/era5.2025-01-01.ndjson#era5:paute:-2.6:-78.6:2025-01-01:2025-12-31
2025-02-25,paute,-2.6,-78.6,era5,5.3,13.2,,open_meteo:era5,2026-09-22T08:49:52Z,open_meteo/2025/01/era5.2025-01-01.ndjson#era5:paute:-2.6:-78.6:2025-01-01:2025-12-31
2025-02-26,paute,-2.6,-78.6,era5,7.3,12.9,,open_meteo:era5,2026-09-22T08:49:52Z,open_meteo/2025/01/era5.2025-01-01.ndjson#era5:paute:-2.6:-78.6:2025-01-01:2025-12-31
2025-02-27,paute,-2.6,-78.6,era5,7,13.2,,open_meteo:era5,2026-09-22T08:49:52Z,open_meteo/2025/01/era5.2025-01-01.ndjson#era5:paute:-2.6:-78.6:2025-01-01:2025-12-31
2025-02-28,paute,-2.6,-78.6,era5,16.6,12.9,,open_meteo:era5,2026-09-22T08:49:52Z,open_meteo/2025/01/era5.2025-01-01.ndjson#era5:paute:-2.6:-78.6:2025-01-01:2025-12-31
2025-03-01,paute,-2.6,-78.6,era5,25.4,12.9,,open_meteo:era5,2026-09-22T08:49:52Z,open_meteo/2025/01/era5.2025-01-01.ndjson#era5:paute:-2.6:-78.6:2025-01-01:2025-12-31
2025-03-02,paute,-2.6,-78.6,era5,21.3,12.4,,open_meteo:era5,2026-09-22T08:49:52Z,open_meteo/2025/01/era5.2025-01-01.ndjson#era5:paute:-2.6:-78.6:2025-01-01:2025-12-31
2025-03-03,paute,-2.6,-78.6,era5,21.2,12.3,,open_meteo:era5,2026-09-22T08:49:52Z,open_meteo/2025/01/era5.2025-01-01.ndjson#era5:paute:-2.6:-78.6:2025-01-01:2025-12-31
2025-03-04,paute,-2.6,-78.6,era5,22.2,12.6,,open_meteo:era5,2026-09-22T08:49:52Z,open_meteo/2025/01/era5.2025-01-01.ndjson#era5:paute:-2.6:-78.6:2025-01-01:2025-12-31
2025-03-05,paute,-2.6,-78.6,era5,25.2,11.8,,open_meteo:era5,2026-09-22T08:49:52Z,open_meteo/2025/01/era5.2025-01-01.ndjson#era5:paute:-2.6:-78.6:2025-01-01:2025-12-31
2025-03-06,paute,-2.6,-78.6,era5,16.8,12.2,,open_meteo:era5,2026-09-22T08:49:52Z,open_meteo/2025/01/era5.2025-01-01.ndjson#era5:paute:-2.6:-78.6:2025-01-01:2025-12-31
2025-03-07,paute,-2.6,-78.6,era5,21.6,13.3,,open_meteo:era5,2026-09-22T08:49:52Z,open_meteo/2025/01/era5.2025-01-01.ndjson#era5:paute:-2.6:-78.6:2025-01-01:2025-12-31
2025-03-08,paute,-2.6,-78.6,era5,36.8,13.1,,open_meteo:era5,2026-09-22T08:49:52Z,open_meteo/2025/01/era5.2025-01-01.ndjson#era5:paute:-2.6:-78.6:2025-01-01:2025-12-31
2025-03-09,paute,-2.6,-78.6,era5,29.9,12.8,,open_meteo:era5,2026-09-22T08:49:52Z,open_meteo/2025/01/era5.2025-01-01.ndjson#era5:paute:-2.6:-78.6:2025-01-01:2025-12-31
2025-03-10,paute,-2.6,-78.6,era5,22.4,12.7,,open_meteo:era5,2026-09-22T08:49:52Z,open_meteo/2025/01/era5.2025-01-01.ndjson#era5:paute:-2.6:-78.6:2025-01-01:2025-12-31
2025-03-11,paute,-2.6,-78.6,era5,37.1,12.1,,open_meteo:era5,2026-09-22T08:49:52Z,open_meteo/2025/01/era5.2025-01-01.ndjson#era5:paute:-2.6:-78.6:2025-01-01:2025-12-31
2025-03-12,paute,-2.6,-78.6,era5,8.6,12.9,,open_meteo:era5,2026-09-22T08:49:52Z,open_meteo/2025/01/era5.2025-01-01.ndjson#era5:paute:-2.6:-78.6:2025-01-01:2025-12-31
2025-03-13,paute,-2.6,-78.6,era5,9.6,12,,open_meteo:era5,2026-09-22T08:49:52Z,open_meteo/2025/01/era5.2025-01-01.ndjson#era5:paute:-2.6:-78.6:2025-01-01:2025-12-31
2025-03-14,paute,-2.6,-78.6,era5,41.4,13.1,,open_meteo:era5,2026-09-22T08:49:52Z,open_meteo/2025/01/era5.2025-01-01.ndjson#era5:paute:-2.6:-78.6:2025-01-01:2025-12-31
2025-03-15,paute,-2.6,-78.6,era5,26.8,11.5,,open_meteo:era5,2026-09-22T08:49:52Z,open_meteo/2025/01/era5.2025-01-01.ndjson#era5:paute:-2.6:-78.6:2025-01-01:2025-12-31
2025-03-16,paute,-2.6,-78.6,era5,6.7,12.4,,open_meteo:era5,2026-09-22T08:49:52Z,open_meteo/2025/01/era5.2025-01-01.ndjson#era5:paute:-2.6:-78.6:2025-01-01:2025-12-31
2025-03-17,paute,-2.6,-78.6,era5,2.5,12.5,,open_meteo:era5,2026-09-22T08:49:52Z,open_meteo/2025/01/era5.2025-01-01.ndjson#era5:paute:-2.6:-78.6:2025-01-01:2025-12-31
2025-03-18,paute,-2.6,-78.6,era5,3.2,13.6,,open_meteo:era5,2026-09-22T08:49:52Z,open_meteo/2025/01/era5.2025-01-01.ndjson#era5:paute:-2.6:-78.6:2025-01-01:2025-12-31
2025-03-19,paute,-2.6,-78.6,era5,6,12.6,,open_meteo:era5,2026-09-22T08:49:52Z,open_meteo/2025/01/era5.2025-01-01.ndjson#era5:paute:-2.6:-78.6:2025-01-01:2025-12-31
2025-03-20,paute,-2.6,-78.6,era5,4,12.9,,open_meteo:era5,2026-09-22T08:49:52Z,open_meteo/2025/01/era5.2025-01-01.ndjson#era5:paute:-2.6:-78.6:2025-01-01:2025-12-31
2025-03-21,paute,-2.6,-78.6,era5,6.1,13,,open_meteo:era5,2026-09-22T08:49:52Z,open_meteo/2025/01/era5.2025-01-01.ndjson#era5:paute:-2.6:-78.6:2025-01-01:2025-12-31
2025-03-22,paute,-2.6,-78.6,era5,2.3,12.5,,open_meteo:era5,2026-09-22T08:49:52Z,open_meteo/2025/01/era5.2025-01-01.ndjson#era5:paute:-2.6:-78.6:2025-01-01:2025-12-31
2025-03-23,paute,-2.6,-78.6,era5,1,12.6,,open_meteo:era5,2026-09-22T08:49:52Z,open_meteo/2025/01/era5.2025-01-01.ndjson#era5:paute:-2.6:-78.6:2025-01-01:2025-12-31
2025-03-24,paute,-2.6,-78.6,era5,1.8,13.1,,open_meteo:era5,2026-09-22T08:49:52Z,open_meteo/2025/01/era5.2025-01-01.ndjson#era5:paute:-2.6:-78.6:2025-01-01:2025-12-31
2025-03-25,paute,-2.6,-78.6,era5,1.6,12.8,,open_meteo:era5,2026-09-22T08:49:52Z,open_meteo/2025/01/era5.2025-01-01.ndjson#era5:paute:-2.6:-78.6:2025-01-01:2025-12-31
2025-03-26,paute,-2.6,-78.6,era5,6,13.2,,open_meteo:era5,2026-09-22T08:49:52Z,open_meteo/2025/01/era5.2025-01-01.ndjson#era5:paute:-2.6:-78.6:2025-01-01:2025-12-31
2025-03-27,paute,-2.6,-78.6,era5,9.6,12.7,,open_meteo:era5,2026-09-22T08:49:52Z,open_meteo/2025/01/era5.2025-01-01.ndjson#era5:paute:-2.6:-78.6:2025-01-01:2025-12-31
2025-03-28,paute,-2.6,-78.6,era5,10.1,12.8,,open_meteo:era5,2026-09-22T08:49:52Z,open_meteo/2025/01/era5.2025-01-01.ndjson#era5:paute:-2.6:-78.6:2025-01-01:2025-12-31
2025-03-29,paute,-2.6,-78.6,era5,12.8,12.3,,open_meteo:era5,2026-09-22T08:49:52Z,open_meteo/2025/01/era5.2025-01-01.ndjson#era5:paute:-2.6:-78.6:2025-01-01:2025-12-31
2025-03-30,paute,-2.6,-78.6,era5,26.8,12.4,,open_meteo:era5,2026-09-22T08:49:52Z,open_meteo/2025/01/era5.2025-01-01.ndjson#era5:paute:-2.6:-78.6:2025-01-01:2025-12-31
2025-03-31,paute,-2.6,-78.6,era5,17.2,12.8,,open_meteo:era5,2026-09-22T08:49:52Z,open_meteo/2025/01/era5.2025-01-01.ndjson#era5:paute:-2.6:-78.6:2025-01-01:2025-12-31
2025-04-01,paute,-2.6,-78.6,era5,16.1,12,,open_meteo:era5,2026-09-22T08:49:52Z,open_meteo/2025/01/era5.2025-01-01.ndjson#era5:paute:-2.6:-78.6:2025-01-01:2025-12-31
2025-04-02,paute,-2.6,-78.6,era5,8.2,12.3,,open_meteo:era5,2026-09-22T08:49:52Z,open_meteo/2025/01/era5.2025-01-01.ndjson#era5:paute:-2.6:-78.6:2025-01-01:2025-12-31
2025-04-03,paute,-2.6,-78.6,era5,5,12.5,,open_meteo:era5,2026-09-22T08:49:52Z,open_meteo/2025/01/era5.2025-01-01.ndjson#era5:paute:-2.6:-78.6:2025-01-01:2025-12-31
2025-04-04,paute,-2.6,-78.6,era5,5.7,12.8,,open_meteo:era5,2026-09-22T08:49:52Z,open_meteo/2025/01/era5.2025-01-01.ndjson#era5:paute:-2.6:-78.6:2025-01-01:2025-12-31
2025-04-05,paute,-2.6,-78.6,era5,6.8,12.8,,open_meteo:era5,2026-09-22T08:49:52Z,open_meteo/2025/01/era5.2025-01-01.ndjson#era5:paute:-2.6:-78.6:2025-01-01:2025-12-31
2025-04-06,paute,-2.6,-78.6,era5,9.2,12.1,,open_meteo:era5,2026-09-22T08:49:52Z,open_meteo/2025/01/era5.2025-01-01.ndjson#era5:paute:-2.6:-78.6:2025-01-01:2025-12-31
2025-04-07,paute,-2.6,-78.6,era5,8.4,13,,open_meteo:era5,2026-09-22T08:49:52Z,open_meteo/2025/01/era5.2025-01-01.ndjson#era5:paute:-2.6:-78.6:2025-01-01:2025-12-31
2025-04-08,paute,-2.6,-78.6,era5,7.5,12.5,,open_meteo:era5,2026-09-22T08:49:52Z,open_meteo/2025/01/era5.2025-01-01.ndjson#era5:paute:-2.6:-78.6:2025-01-01:2025-12-31
2025-04-09,paute,-2.6,-78.6,era5,10.4,12.8,,open_meteo:era5,2026-09-22T08:49:52Z,open_meteo/2025/01/era5.2025-01-01.ndjson#era5:paute:-2.6:-78.6:2025-01-01:2025-12-31
2025-04-10,paute,-2.6,-78.6,era5,20.3,13.5,,open_meteo:era5,2026-09-22T08:49:52Z,open_meteo/2025/01/era5.2025-01-01.ndjson#era5:paute:-2.6:-78.6:2025-01-01:2025-12-31
2025-04-11,paute,-2.6,-78.6,era5,12.7,12.4,,open_meteo:era5,2026-09-22T08:49:52Z,open_meteo/2025/01/era5.2025-01-01.ndjson#era5:paute:-2.6:-78.6:2025-01-01:2025-12-31
2025-04-12,paute,-2.6,-78.6,era5,15.9,12.4,,open_meteo:era5,2026-09-22T08:49:52Z,open_meteo/2025/01/era5.2025-01-01.ndjson#era5:paute:-2.6:-78.6:2025-01-01:2025-12-31
2025-04-13,paute,-2.6,-78.6,era5,13.6,12.1,,open_meteo:era5,2026-09-22T08:49:52Z,open_meteo/2025/01/era5.2025-01-01.ndjson#era5:paute:-2.6:-78.6:2025-01-01:2025-12-31
2025-04-14,paute,-2.6,-78.6,era5,1.5,12.6,,open_meteo:era5,2026-09-22T08:49:52Z,open_meteo/2025/01/era5.2025-01-01.ndjson#era5:paute:-2.6:-78.6:2025-01-01:2025-12-31
2025-04-15,paute,-2.6,-78.6,era5,0.6,13.3,,open_meteo:era5,2026-09-22T08:49:52Z,open_meteo/2025/01/era5.2025-01-01.ndjson#era5:paute:-2.6:-78.6:2025-01-01:2025-12-31
2025-04-16,paute,-2.6,-78.6,era5,1.4,13,,open_meteo:era5,2026-09-22T08:49:52Z,open_meteo/2025/01/era5.2025-01-01.ndjson#era5:paute:-2.6:-78.6:2025-01-01:2025-12-31
2025-04-17,paute,-2.6,-78.6,era5,6.9,12.4,,open_meteo:era5,2026-09-22T08:49:52Z,open_meteo/2025/01/era5.2025-01-01.ndjson#era5:paute:-2.6:-78.6:2025-01-01:2025-12-31
2025-04-18,paute,-2.6,-78.6,era5,4.2,12.9,,open_meteo:era5,2026-09-22T08:49:52Z,open_meteo/2025/01/era5.2025-01-01.ndjson#era5:paute:-2.6:-78.6:2025-01-01:2025-12-31
2025-04-19,paute,-2.6,-78.6,era5,0,12.6,,open_meteo:era5,2026-09-22T08:49:52Z,open_meteo/2025/01/era5.2025-01-01.ndjson#era5:paute:-2.6:-78.6:2025-01-01:2025-12-31
2025-04-20,paute,-2.6,-78.6,era5,0.3,13.5,,open_meteo:era5,2026-09-22T08:49:52Z,open_meteo/2025/01/era5.2025-01-01.ndjson#era5:paute:-2.6:-78.6:2025-01-01:2025-12-31
2025-04-21,paute,-2.6,-78.6,era5,1.8,13.5,,open_meteo:era5,2026-09-22T08:49:52Z,open_meteo/2025/01/era5.2025-01-01.ndjson#era5:paute:-2.6:-78.6:2025-01-01:2025-12-31
2025-04-22,paute,-2.6,-78.6,era5,4.2,13.3,,open_meteo:era5,2026-09-22T08:49:52Z,open_meteo/2025/01/era5.2025-01-01.ndjson#era5:paute:-2.6:-78.6:2025-01-01:2025-12-31
2025-04-23,paute,-2.6,-78.6,era5,12.7,13.8,,open_meteo:era5,2026-09-22T08:49:52Z,open_meteo/2025/01/era5.2025-01-01.ndjson#era5:paute:-2.6:-78.6:2025-01-01:2025-12-31
2025-04-24,paute,-2.6,-78.6,era5,8.5,13.3,,open_meteo:era5,2026-09-22T08:49:52Z,open_meteo/2025/01/era5.2025-01-01.ndjson#era5:paute:-2.6:-78.6:2025-01-01:2025-12-31
2025-04-25,paute,-2.6,-78.6,era5,11.9,13.3,,open_meteo:era5,2026-09-22T08:49:52Z,open_meteo/2025/01/era5.2025-01-01.ndjson#era5:paute:-2.6:-78.6:2025-01-01:2025-12-31
2025-04-26,paute,-2.6,-78.6,era5,10.3,13.2,,open_meteo:era5,2026-09-22T08:49:52Z,open_meteo/2025/01/era5.2025-01-01.ndjson#era5:paute:-2.6:-78.6:2025-01-01:2025-12-31
2025-04-27,paute,-2.6,-78.6,era5,18.6,13.1,,open_meteo:era5,2026-09-22T08:49:52Z,open_meteo/2025/01/era5.2025-01-01.ndjson#era5:paute:-2.6:-78.6:2025-01-01:2025-12-31
2025-04-28,paute,-2.6,-78.6,era5,13.1,11.8,,open_meteo:era5,2026-09-22T08:49:52Z,open_meteo/2025/01/era5.2025-01-01.ndjson#era5:paute:-2.6:-78.6:2025-01-01:2025-12-31
2025-04-29,paute,-2.6,-78.6,era5,2.9,13.2,,open_meteo:era5,2026-09-22T08:49:52Z,open_meteo/2025/01/era5.2025-01-01.ndjson#era5:paute:-2.6:-78.6:2025-01-01:2025-12-31
2025-04-30,paute,-2.6,-78.6,era5,2.9,12.7,,open_meteo:era5,2026-09-22T08:49:52Z,open_meteo/2025/01/era5.2025-01-01.ndjson#era5:paute:-2.6:-78.6:2025-01-01:2025-12-31
2025-05-01,paute,-2.6,-78.6,era5,4.7,12,,open_meteo:era5,2026-09-22T08:49:52Z,open_meteo/2025/01/era5.2025-01-01.ndjson#era5:paute:-2.6:-78.6:2025-01-01:2025-12-31
2025-05-02,paute,-2.6,-78.6,era5,2.7,13.1,,open_meteo:era5,2026-09-22T08:49:52Z,open_meteo/2025/01/era5.2025-01-01.ndjson#era5:paute:-2.6:-78.6:2025-01-01:2025-12-31
2025-05-03,paute,-2.6,-78.6,era5,2,12.4,,open_meteo:era5,2026-09-22T08:49:52Z,open_meteo/2025/01/era5.2025-01-01.ndjson#era5:paute:-2.6:-78.6:2025-01-01:2025-12-31
2025-05-04,paute,-2.6,-78.6,era5,6.2,12.4,,open_meteo:era5,2026-09-22T08:49:52Z,open_meteo/2025/01/era5.2025-01-01.ndjson#era5:paute:-2.6:-78.6:2025-01-01:2025-12-31
2025-05-05,paute,-2.6,-78.6,era5,9.9,11.9,,open_meteo:era5,2026-09-22T08:49:52Z,open_meteo/2025/01/era5.2025-01-01.ndjson#era5:paute:-2.6:-78.6:2025-01-01:2025-12-31
2025-05-06,paute,-2.6,-78.6,era5,3.4,12.6,,open_meteo:era5,2026-09-22T08:49:52Z,open_meteo/2025/01/era5.2025-01-01.ndjson#era5:paute:-2.6:-78.6:2025-01-01:2025-12-31
2025-05-07,paute,-2.6,-78.6,era5,1.5,13.4,,open_meteo:era5,2026-09-22T08:49:52Z,open_meteo/2025/01/era5.2025-01-01.ndjson#era5:paute:-2.6:-78.6:2025-01-01:2025-12-31
2025-05-08,paute,-2.6,-78.6,era5,0.7,12.2,,open_meteo:era5,2026-09-22T08:49:52Z,open_meteo/2025/01/era5.2025-01-01.ndjson#era5:paute:-2.6:-78.6:2025-01-01:2025-12-31
2025-05-09,paute,-2.6,-78.6,era5,0.6,12.3,,open_meteo:era5,2026-09-22T08:49:52Z,open_meteo/2025/01/era5.2025-01-01.ndjson#era5:paute:-2.6:-78.6:2025-01-01:2025-12-31
2025-05-10,paute,-2.6,-78.6,era5,10.1,11.2,,open_meteo:era5,2026-09-22T08:49:52Z,open_meteo/2025/01/era5.2025-01-01.ndjson#era5:paute:-2.6:-78.6:2025-01-01:2025-12-31
2025-05-11,paute,-2.6,-78.6,era5,11.9,11.1,,open_meteo:era5,2026-09-22T08:49:52Z,open_meteo/2025/01/era5.2025-01-01.ndjson#era5:paute:-2.6:-78.6:2025-01-01:2025-12-31
2025-05-12,paute,-2.6,-78.6,era5,29.7,10.7,,open_meteo:era5,2026-09-22T08:49:52Z,open_meteo/2025/01/era5.2025-01-01.ndjson#era5:paute:-2.6:-78.6:2025-01-01:2025-12-31
2025-05-13,paute,-2.6,-78.6,era5,4.6,12.1,,open_meteo:era5,2026-09-22T08:49:52Z,open_meteo/2025/01/era5.2025-01-01.ndjson#era5:paute:-2.6:-78.6:2025-01-01:2025-12-31
2025-05-14,paute,-2.6,-78.6,era5,1.4,12.2,,open_meteo:era5,2026-09-22T08:49:52Z,open_meteo/2025/01/era5.2025-01-01.ndjson#era5:paute:-2.6:-78.6:2025-01-01:2025-12-31
2025-05-15,paute,-2.6,-78.6,era5,7.7,12.1,,open_meteo:era5,2026-09-22T08:49:52Z,open_meteo/2025/01/era5.2025-01-01.ndjson#era5:paute:-2.6:-78.6:2025-01-01:2025-12-31
2025-05-16,paute,-2.6,-78.6,era5,4.7,12.2,,open_meteo:era5,2026-09-22T08:49:52Z,open_meteo/2025/01/era5.2025-01-01.ndjson#era5:paute:-2.6:-78.6:2025-01-01:2025-12-31
2025-05-17,paute,-2.6,-78.6,era5,13.1,12.9,,open_meteo:era5,2026-09-22T08:49:52Z,open_meteo/2025/01/era5.2025-01-01.ndjson#era5:paute:-2.6:-78.6:2025-01-01:2025-12-31
2025-05-18,paute,-2.6,-78.6,era5,10.9,12.7,,open_meteo:era5,2026-09-22T08:49:52Z,open_meteo/2025/01/era5.2025-01-01.ndjson#era5:paute:-2.6:-78.6:2025-01-01:2025-12-31
2025-05-19,paute,-2.6,-78.6,era5,8.3,11.9,,open_meteo:era5,2026-09-22T08:49:52Z,open_meteo/2025/01/era5.2025-01-01.ndjson#era5:paute:-2.6:-78.6:2025-01-01:2025-12-31
2025-05-20,paute,-2.6,-78.6,era5,2.2,12.7,,open_meteo:era5,2026-09-22T08:49:52Z,open_meteo/2025/01/era5.2025-01-01.ndjson#era5:paute:-2.6:-78.6:2025-01-01:2025-12-31
2025-05-21,paute,-2.6,-78.6,era5,28.9,11.4,,open_meteo:era5,2026-09-22T08:49:52Z,open_meteo/2025/01/era5.2025-01-01.ndjson#era5:paute:-2.6:-78.6:2025-01-01:2025-12-31
2025-05-22,paute,-2.6,-78.6,era5,3.2,11.9,,open_meteo:era5,2026-09-22T08:49:52Z,open_meteo/2025/01/era5.2025-01-01.ndjson#era5:paute:-2.6:-78.6:2025-01-01:2025-12-31
2025-05-23,paute,-2.6,-78.6,era5,5,11.7,,open_meteo:era5,2026-09-22T08:49:52Z,open_meteo/2025/01/era5.2025-01-01.ndjson#era5:paute:-2.6:-78.6:2025-01-01:2025-12-31
2025-05-24,paute,-2.6,-78.6,era5,0.9,12.2,,open_meteo:era5,2026-09-22T08:49:52Z,open_meteo/2025/01/era5.2025-01-01.ndjson#era5:paute:-2.6:-78.6:2025-01-01:2025-12-31
2025-05-25,paute,-2.6,-78.6,era5,2.9,12,,open_meteo:era5,2026-09-22T08:49:52Z,open_meteo/2025/01/era5.2025-01-01.ndjson#era5:paute:-2.6:-78.6:2025-01-01:2025-12-31
2025-05-26,paute,-2.6,-78.6,era5,2,12.8,,open_meteo:era5,2026-09-22T08:49:52Z,open_meteo/2025/01/era5.2025-01-01.ndjson#era5:paute:-2.6:-78.6:2025-01-01:2025-12-31
2025-05-27,paute,-2.6,-78.6,era5,3.2,13.1,,open_meteo:era5,2026-09-22T08:49:52Z,open_meteo/2025/01/era5.2025-01-01.ndjson#era5:paute:-2.6:-78.6:2025-01-01:2025-12-31
2025-05-28,paute,-2.6,-78.6,era5,3.9,11.6,,open_meteo:era5,2026-09-22T08:49:52Z,open_meteo/2025/01/era5.2025-01-01.ndjson#era5:paute:-2.6:-78.6:2025-01-01:2025-12-31
2025-05-29,paute,-2.6,-78.6,era5,6.3,10.8,,open_meteo:era5,2026-09-22T08:49:52Z,open_meteo/2025/01/era5.2025-01-01.ndjson#era5:paute:-2.6:-78.6:2025-01-01:2025-12-31
2025-05-30,paute,-2.6,-78.6,era5,6.8,11.5,,open_meteo:era5,2026-09-22T08:49:52Z,open_meteo/2025/01/era5.2025-01-01.ndjson#era5:paute:-2.6:-78.6:2025-01-01:2025-12-31
2025-05-31,paute,-2.6,-78.6,era5,2.3,12,,open_meteo:era5,2026-09-22T08:49:52Z,open_meteo/2025/01/era5.2025-01-01.ndjson#era5:paute:-2.6:-78.6:2025-01-01:2025-12-31
2025-06-01,paute,-2.6,-78.6,era5,2,12.1,,open_meteo:era5,2026-09-22T08:49:52Z,open_meteo/2025/01/era5.2025-01-01.ndjson#era5:paute:-2.6:-78.6:2025-01-01:2025-12-31
2025-06-02,paute,-2.6,-78.6,era5,0,11.5,,open_meteo:era5,2026-09-22T08:49:52Z,open_meteo/2025/01/era5.2025-01-01.ndjson#era5:paute:-2.6:-78.6:2025-01-01:2025-12-31
2025-06-03,paute,-2.6,-78.6,era5,1.6,11.4,,open_meteo:era5,2026-09-22T08:49:52Z,open_meteo/2025/01/era5.2025-01-01.ndjson#era5:paute:-2.6:-78.6:2025-01-01:2025-12-31
2025-06-04,paute,-2.6,-78.6,era5,1.8,10.9,,open_meteo:era5,2026-09-22T08:49:52Z,open_meteo/2025/01/era5.2025-01-01.ndjson#era5:paute:-2.6:-78.6:2025-01-01:2025-12-31
2025-06-05,paute,-2.6,-78.6,era5,0.8,11.3,,open_meteo:era5,2026-09-22T08:49:52Z,open_meteo/2025/01/era5.2025-01-01.ndjson#era5:paute:-2.6:-78.6:2025-01-01:2025-12-31
2025-06-06,paute,-2.6,-78.6,era5,21.2,11,,open_meteo:era5,2026-09-22T08:49:52Z,open_meteo/2025/01/era5.2025-01-01.ndjson#era5:paute:-2.6:-78.6:2025-01-01:2025-12-31
2025-06-07,paute,-2.6,-78.6,era5,13.7,11.7,,open_meteo:era5,2026-09-22T08:49:52Z,open_meteo/2025/01/era5.2025-01-01.ndjson#era5:paute:-2.6:-78.6:2025-01-01:2025-12-31
2025-06-08,paute,-2.6,-78.6,era5,0.9,10.9,,open_meteo:era5,2026-09-22T08:49:52Z,open_meteo/2025/01/era5.2025-01-01.ndjson#era5:paute:-2.6:-78.6:2025-01-01:2025-12-31
2025-06-09,paute,-2.6,-78.6,era5,2.1,11.7,,open_meteo:era5,2026-09-22T08:49:52Z,open_meteo/2025/01/era5.2025-01-01.ndjson#era5:paute:-2.6:-78.6:2025-01-01:2025-12-31
2025-06-10,paute,-2.6,-78.6,era5,1.2,11.7,,open_meteo:era5,2026-09-22T08:49:52Z,open_meteo/2025/01/era5.2025-01-01.ndjson#era5:paute:-2.6:-78.6:2025-01-01:2025-12-31
2025-06-11,paute,-2.6,-78.6,era5,0.5,12.4,,open_meteo:era5,2026-09-22T08:49:52Z,open_meteo/2025/01/era5.2025-01-01.ndjson#era5:paute:-2.6:-78.6:2025-01-01:2025-12-31
2025-06-12,paute,-2.6,-78.6,era5,1.4,12.5,,open_meteo:era5,2026-09-22T08:49:52Z,open_meteo/2025/01/era5.2025-01-01.ndjson#era5:paute:-2.6:-78.6:2025-01-01:2025-12-31
2025-06-13,paute,-2.6,-78.6,era5,2.9,13.2,,open_meteo:era5,2026-09-22T08:49:52Z,open_meteo/2025/01/era5.2025-01-01.ndjson#era5:paute:-2.6:-78.6:2025-01-01:2025-12-31
2025-06-14,paute,-2.6,-78.6,era5,6.6,12.8,,open_meteo:era5,2026-09-22T08:49:52Z,open_meteo/2025/01/era5.2025-01-01.ndjson#era5:paute:-2.6:-78.6:2025-01-01:2025-12-31
2025-06-15,paute,-2.6,-78.6,era5,6.4,12.3,,open_meteo:era5,2026-09-22T08:49:52Z,open_meteo/2025/01/era5.2025-01-01.ndjson#era5:paute:-2.6:-78.6:2025-01-01:2025-12-31
2025-06-16,paute,-2.6,-78.6,era5,5.7,12,,open_meteo:era5,2026-09-22T08:49:52Z,open_meteo/2025/01/era5.2025-01-01.ndjson#era5:paute:-2.6:-78.6:2025-01-01:2025-12-31
2025-06-17,paute,-2.6,-78.6,era5,3.1,11.7,,open_meteo:era5,2026-09-22T08:49:52Z,open_meteo/2025/01/era5.2025-01-01.ndjson#era5:paute:-2.6:-78.6:2025-01-01:2025-12-31
2025-06-18,paute,-2.6,-78.6,era5,17.3,10.2,,open_meteo:era5,2026-09-22T08:49:52Z,open_meteo/2025/01/era5.2025-01-01.ndjson#era5:paute:-2.6:-78.6:2025-01-01:2025-12-31
2025-06-19,paute,-2.6,-78.6,era5,0.6,10.9,,open_meteo:era5,2026-09-22T08:49:52Z,open_meteo/2025/01/era5.2025-01-01.ndjson#era5:paute:-2.6:-78.6:2025-01-01:2025-12-31
2025-06-20,paute,-2.6,-78.6,era5,7.5,10.1,,open_meteo:era5,2026-09-22T08:49:52Z,open_meteo/2025/01/era5.2025-01-01.ndjson#era5:paute:-2.6:-78.6:2025-01-01:2025-12-31
2025-06-21,paute,-2.6,-78.6,era5,3.4,11,,open_meteo:era5,2026-09-22T08:49:52Z,open_meteo/2025/01/era5.2025-01-01.ndjson#era5:paute:-2.6:-78.6:2025-01-01:2025-12-31
2025-06-22,paute,-2.6,-78.6,era5,0.6,11.9,,open_meteo:era5,2026-09-22T08:49:52Z,open_meteo/2025/01/era5.2025-01-01.ndjson#era5:paute:-2.6:-78.6:2025-01-01:2025-12-31
2025-06-23,paute,-2.6,-78.6,era5,5.1,12.6,,open_meteo:era5,2026-09-22T08:49:52Z,open_meteo/2025/01/era5.2025-01-01.ndjson#era5:paute:-2.6:-78.6:2025-01-01:2025-12-31
2025-06-24,paute,-2.6,-78.6,era5,0.8,12.1,,open_meteo:era5,2026-09-22T08:49:52Z,open_meteo/2025/01/era5.2025-01-01.ndjson#era5:paute:-2.6:-78.6:2025-01-01:2025-12-31
2025-06-25,paute,-2.6,-78.6,era5,2.1,11.9,,open_meteo:era5,2026-09-22T08:49:52Z,open_meteo/2025/01/era5.2025-01-01.ndjson#era5:paute:-2.6:-78.6:2025-01-01:2025-12-31
2025-06-26,paute,-2.6,-78.6,era5,1.6,11.5,,open_meteo:era5,2026-09-22T08:49:52Z,open_meteo/2025/01/era5.2025-01-01.ndjson#era5:paute:-2.6:-78.6:2025-01-01:2025-12-31
2025-06-27,paute,-2.6,-78.6,era5,5.2,11.1,,open_meteo:era5,2026-09-22T08:49:52Z,open_meteo/2025/01/era5.2025-01-01.ndjson#era5:paute:-2.6:-78.6:2025-01-01:2025-12-31
2025-06-28,paute,-2.6,-78.6,era5,0,11.4,,open_meteo:era5,2026-09-22T08:49:52Z,open_meteo/2025/01/era5.2025-01-01.ndjson#era5:paute:-2.6:-78.6:2025-01-01:2025-12-31
2025-06-29,paute,-2.6,-78.6,era5,0.3,11.2,,open_meteo:era5,2026-09-22T08:49:52Z,open_meteo/2025/01/era5.2025-01-01.ndjson#era5:paute:-2.6:-78.6:2025-01-01:2025-12-31
2025-06-30,paute,-2.6,-78.6,era5,9,10.3,,open_meteo:era5,2026-09-22T08:49:52Z,open_meteo/2025/01/era5.2025-01-01.ndjson#era5:paute:-2.6:-78.6:2025-01-01:2025-12-31
2025-07-01,paute,-2.6,-78.6,era5,37.9,10.1,,open_meteo:era5,2026-09-22T08:49:52Z,open_meteo/2025/01/era5.2025-01-01.ndjson#era5:paute:-2.6:-78.6:2025-01-01:2025-12-31
2025-07-02,paute,-2.6,-78.6,era5,59.5,9.3,,open_meteo:era5,2026-09-22T08:49:52Z,open_meteo/2025/01/era5.2025-01-01.ndjson#era5:paute:-2.6:-78.6:2025-01-01:2025-12-31
2025-07-03,paute,-2.6,-78.6,era5,12,8.7,,open_meteo:era5,2026-09-22T08:49:52Z,open_meteo/2025/01/era5.2025-01-01.ndjson#era5:paute:-2.6:-78.6:2025-01-01:2025-12-31
2025-07-04,paute,-2.6,-78.6,era5,4,9.3,,open_meteo:era5,2026-09-22T08:49:52Z,open_meteo/2025/01/era5.2025-01-01.ndjson#era5:paute:-2.6:-78.6:2025-01-01:2025-12-31
2025-07-05,paute,-2.6,-78.6,era5,0.5,10,,open_meteo:era5,2026-09-22T08:49:52Z,open_meteo/2025/01/era5.2025-01-01.ndjson#era5:paute:-2.6:-78.6:2025-01-01:2025-12-31
2025-07-06,paute,-2.6,-78.6,era5,0,9.8,,open_meteo:era5,2026-09-22T08:49:52Z,open_meteo/2025/01/era5.2025-01-01.ndjson#era5:paute:-2.6:-78.6:2025-01-01:2025-12-31
2025-07-07,paute,-2.6,-78.6,era5,0.1,10.6,,open_meteo:era5,2026-09-22T08:49:52Z,open_meteo/2025/01/era5.2025-01-01.ndjson#era5:paute:-2.6:-78.6:2025-01-01:2025-12-31
2025-07-08,paute,-2.6,-78.6,era5,5.5,10.1,,open_meteo:era5,2026-09-22T08:49:52Z,open_meteo/2025/01/era5.2025-01-01.ndjson#era5:paute:-2.6:-78.6:2025-01-01:2025-12-31
2025-07-09,paute,-2.6,-78.6,era5,14.1,9.6,,open_meteo:era5,2026-09-22T08:49:52Z,open_meteo/2025/01/era5.2025-01-01.ndjson#era5:paute:-2.6:-78.6:2025-01-01:2025-12-31
2025-07-10,paute,-2.6,-78.6,era5,14.1,9.9,,open_meteo:era5,2026-09-22T08:49:52Z,open_meteo/2025/01/era5.2025-01-01.ndjson#era5:paute:-2.6:-78.6:2025-01-01:2025-12-31
2025-07-11,paute,-2.6,-78.6,era5,13.6,9.4,,open_meteo:era5,2026-09-22T08:49:52Z,open_meteo/2025/01/era5.2025-01-01.ndjson#era5:paute:-2.6:-78.6:2025-01-01:2025-12-31
2025-07-12,paute,-2.6,-78.6,era5,28,8.9,,open_meteo:era5,2026-09-22T08:49:52Z,open_meteo/2025/01/era5.2025-01-01.ndjson#era5:paute:-2.6:-78.6:2025-01-01:2025-12-31
2025-07-13,paute,-2.6,-78.6,era5,3.6,9.3,,open_meteo:era5,2026-09-22T08:49:52Z,open_meteo/2025/01/era5.2025-01-01.ndjson#era5:paute:-2.6:-78.6:2025-01-01:2025-12-31
2025-07-14,paute,-2.6,-78.6,era5,0.6,10,,open_meteo:era5,2026-09-22T08:49:52Z,open_meteo/2025/01/era5.2025-01-01.ndjson#era5:paute:-2.6:-78.6:2025-01-01:2025-12-31
2025-07-15,paute,-2.6,-78.6,era5,0.2,11.4,,open_meteo:era5,2026-09-22T08:49:52Z,open_meteo/2025/01/era5.2025-01-01.ndjson#era5:paute:-2.6:-78.6:2025-01-01:2025-12-31
2025-07-16,paute,-2.6,-78.6,era5,1.1,11.5,,open_meteo:era5,2026-09-22T08:49:52Z,open_meteo/2025/01/era5.2025-01-01.ndjson#era5:paute:-2.6:-78.6:2025-01-01:2025-12-31
2025-07-17,paute,-2.6,-78.6,era5,14.1,10.2,,open_meteo:era5,2026-09-22T08:49:52Z,open_meteo/2025/01/era5.2025-01-01.ndjson#era5:paute:-2.6:-78.6:2025-01-01:2025-12-31
2025-07-18,paute,-2.6,-78.6,era5,39.2,9.1,,open_meteo:era5,2026-09-22T08:49:52Z,open_meteo/2025/01/era5.2025-01-01.ndjson#era5:paute:-2.6:-78.6:2025-01-01:2025-12-31
2025-07-19,paute,-2.6,-78.6,era5,30.6,9.8,,open_meteo:era5,2026-09-22T08:49:52Z,open_meteo/2025/01/era5.2025-01-01.ndjson#era5:paute:-2.6:-78.6:2025-01-01:2025-12-31
2025-07-20,paute,-2.6,-78.6,era5,1.7,10.5,,open_meteo:era5,2026-09-22T08:49:52Z,open_meteo/2025/01/era5.2025-01-01.ndjson#era5:paute:-2.6:-78.6:2025-01-01:2025-12-31
2025-07-21,paute,-2.6,-78.6,era5,0.5,10.9,,open_meteo:era5,2026-09-22T08:49:52Z,open_meteo/2025/01/era5.2025-01-01.ndjson#era5:paute:-2.6:-78.6:2025-01-01:2025-12-31
2025-07-22,paute,-2.6,-78.6,era5,5,11.2,,open_meteo:era5,2026-09-22T08:49:52Z,open_meteo/2025/01/era5.2025-01-01.ndjson#era5:paute:-2.6:-78.6:2025-01-01:2025-12-31
2025-07-23,paute,-2.6,-78.6,era5,2.3,11.5,,open_meteo:era5,2026-09-22T08:49:52Z,open_meteo/2025/01/era5.2025-01-01.ndjson#era5:paute:-2.6:-78.6:2025-01-01:2025-12-31
2025-07-24,paute,-2.6,-78.6,era5,8.8,10.1,,open_meteo:era5,2026-09-22T08:49:52Z,open_meteo/2025/01/era5.2025-01-01.ndjson#era5:paute:-2.6:-78.6:2025-01-01:2025-12-31
2025-07-25,paute,-2.6,-78.6,era5,2.5,10.7,,open_meteo:era5,2026-09-22T08:49:52Z,open_meteo/2025/01/era5.2025-01-01.ndjson#era5:paute:-2.6:-78.6:2025-01-01:2025-12-31
2025-07-26,paute,-2.6,-78.6,era5,3.5,11.4,,open_meteo:era5,2026-09-22T08:49:52Z,open_meteo/2025/01/era5.2025-01-01.ndjson#era5:paute:-2.6:-78.6:2025-01-01:2025-12-31
2025-07-27,paute,-2.6,-78.6,era5,1.3,11.4,,open_meteo:era5,2026-09-22T08:49:52Z,open_meteo/2025/01/era5.2025-01-01.ndjson#era5:paute:-2.6:-78.6:2025-01-01:2025-12-31
2025-07-28,paute,-2.6,-78.6,era5,0.9,10.9,,open_meteo:era5,2026-09-22T08:49:52Z,open_meteo/2025/01/era5.2025-01-01.ndjson#era5:paute:-2.6:-78.6:2025-01-01:2025-12-31
2025-07-29,paute,-2.6,-78.6,era5,3.1,11.6,,open_meteo:era5,2026-09-22T08:49:52Z,open_meteo/2025/01/era5.2025-01-01.ndjson#era5:paute:-2.6:-78.6:2025-01-01:2025-12-31
2025-07-30,paute,-2.6,-78.6,era5,0.5,11.1,,open_meteo:era5,2026-09-22T08:49:52Z,open_meteo/2025/01/era5.2025-01-01.ndjson#era5:paute:-2.6:-78.6:2025-01-01:2025-12-31
2025-07-31,paute,-2.6,-78.6,era5,0,10.6,,open_meteo:era5,2026-09-22T08:49:52Z,open_meteo/2025/01/era5.2025-01-01.ndjson#era5:paute:-2.6:-78.6:2025-01-01:2025-12-31
2025-08-01,paute,-2.6,-78.6,era5,0.2,10.7,,open_meteo:era5,2026-09-22T08:49:52Z,open_meteo/2025/01/era5.2025-01-01.ndjson#era5:paute:-2.6:-78.6:2025-01-01:2025-12-31
2025-08-02,paute,-2.6,-78.6,era5,0.9,10.3,,open_meteo:era5,2026-09-22T08:49:52Z,open_meteo/2025/01/era5.2025-01-01.ndjson#era5:paute:-2.6:-78.6:2025-01-01:2025-12-31
2025-08-03,paute,-2.6,-78.6,era5,15.4,9.5,,open_meteo:era5,2026-09-22T08:49:52Z,open_meteo/2025/01/era5.2025-01-01.ndjson#era5:paute:-2.6:-78.6:2025-01-01:2025-12-31
2025-08-04,paute,-2.6,-78.6,era5,8.1,10,,open_meteo:era5,2026-09-22T08:49:52Z,open_meteo/2025/01/era5.2025-01-01.ndjson#era5:paute:-2.6:-78.6:2025-01-01:2025-12-31
2025-08-05,paute,-2.6,-78.6,era5,5.1,9.9,,open_meteo:era5,2026-09-22T08:49:52Z,open_meteo/2025/01/era5.2025-01-01.ndjson#era5:paute:-2.6:-78.6:2025-01-01:2025-12-31
2025-08-06,paute,-2.6,-78.6,era5,0.8,9.9,,open_meteo:era5,2026-09-22T08:49:52Z,open_meteo/2025/01/era5.2025-01-01.ndjson#era5:paute:-2.6:-78.6:2025-01-01:2025-12-31
2025-08-07,paute,-2.6,-78.6,era5,0,11.2,,open_meteo:era5,2026-09-22T08:49:52Z,open_meteo/2025/01/era5.2025-01-01.ndjson#era5:paute:-2.6:-78.6:2025-01-01:2025-12-31
2025-08-08,paute,-2.6,-78.6,era5,2.1,11.2,,open_meteo:era5,2026-09-22T08:49:52Z,open_meteo/2025/01/era5.2025-01-01.ndjson#era5:paute:-2.6:-78.6:2025-01-01:2025-12-31
2025-08-09,paute,-2.6,-78.6,era5,0.9,10.7,,open_meteo:era5,2026-09-22T08:49:52Z,open_meteo/2025/01/era5.2025-01-01.ndjson#era5:paute:-2.6:-78.6:2025-01-01:2025-12-31
2025-08-10,paute,-2.6,-78.6,era5,5.5,10.5,,open_meteo:era5,2026-09-22T08:49:52Z,open_meteo/2025/01/era5.2025-01-01.ndjson#era5:paute:-2.6:-78.6:2025-01-01:2025-12-31
2025-08-11,paute,-2.6,-78.6,era5,6.6,10.5,,open_meteo:era5,2026-09-22T08:49:52Z,open_meteo/2025/01/era5.2025-01-01.ndjson#era5:paute:-2.6:-78.6:2025-01-01:2025-12-31
2025-08-12,paute,-2.6,-78.6,era5,0.8,11.2,,open_meteo:era5,2026-09-22T08:49:52Z,open_meteo/2025/01/era5.2025-01-01.ndjson#era5:paute:-2.6:-78.6:2025-01-01:2025-12-31
2025-08-13,paute,-2.6,-78.6,era5,0,11.5,,open_meteo:era5,2026-09-22T08:49:52Z,open_meteo/2025/01/era5.2025-01-01.ndjson#era5:paute:-2.6:-78.6:2025-01-01:2025-12-31
2025-08-14,paute,-2.6,-78.6,era5,3.3,11.5,,open_meteo:era5,2026-09-22T08:49:52Z,open_meteo/2025/01/era5.2025-01-01.ndjson#era5:paute:-2.6:-78.6:2025-01-01:2025-12-31
2025-08-15,paute,-2.6,-78.6,era5,4.6,10.3,,open_meteo:era5,2026-09-22T08:49:52Z,open_meteo/2025/01/era5.2025-01-01.ndjson#era5:paute:-2.6:-78.6:2025-01-01:2025-12-31
2025-08-16,paute,-2.6,-78.6,era5,4.9,9.9,,open_meteo:era5,2026-09-22T08:49:52Z,open_meteo/2025/01/era5.2025-01-01.ndjson#era5:paute:-2.6:-78.6:2025-01-01:2025-12-31
2025-08-17,paute,-2.6,-78.6,era5,3.4,11,,open_meteo:era5,2026-09-22T08:49:52Z,open_meteo/2025/01/era5.2025-01-01.ndjson#era5:paute:-2.6:-78.6:2025-01-01:2025-12-31
2025-08-18,paute,-2.6,-78.6,era5,2.9,10.8,,open_meteo:era5,2026-09-22T08:49:52Z,open_meteo/2025/01/era5.2025-01-01.ndjson#era5:paute:-2.6:-78.6:2025-01-01:2025-12-31
2025-08-19,paute,-2.6,-78.6,era5,0.1,11.6,,open_meteo:era5,2026-09-22T08:49:52Z,open_meteo/2025/01/era5.2025-01-01.ndjson#era5:paute:-2.6:-78.6:2025-01-01:2025-12-31
2025-08-20,paute,-2.6,-78.6,era5,0.2,11.4,,open_meteo:era5,2026-09-22T08:49:52Z,open_meteo/2025/01/era5.2025-01-01.ndjson#era5:paute:-2.6:-78.6:2025-01-01:2025-12-31
2025-08-21,paute,-2.6,-78.6,era5,0,11.5,,open_meteo:era5,2026-09-22T08:49:52Z,open_meteo/2025/01/era5.2025-01-01.ndjson#era5:paute:-2.6:-78.6:2025-01-01:2025-12-31
2025-08-22,paute,-2.6,-78.6,era5,1.3,12.3,,open_meteo:era5,2026-09-22T08:49:52Z,open_meteo/2025/01/era5.2025-01-01.ndjson#era5:paute:-2.6:-78.6:2025-01-01:2025-12-31
2025-08-23,paute,-2.6,-78.6,era5,0.9,11.7,,open_meteo:era5,2026-09-22T08:49:52Z,open_meteo/2025/01/era5.2025-01-01.ndjson#era5:paute:-2.6:-78.6:2025-01-01:2025-12-31
2025-08-24,paute,-2.6,-78.6,era5,1.4,11.3,,open_meteo:era5,2026-09-22T08:49:52Z,open_meteo/2025/01/era5.2025-01-01.ndjson#era5:paute:-2.6:-78.6:2025-01-01:2025-12-31
2025-08-25,paute,-2.6,-78.6,era5,15.8,10.1,,open_meteo:era5,2026-09-22T08:49:52Z,open_meteo/2025/01/era5.2025-01-01.ndjson#era5:paute:-2.6:-78.6:2025-01-01:2025-12-31
2025-08-26,paute,-2.6,-78.6,era5,3.7,10.3,,open_meteo:era5,2026-09-22T08:49:52Z,open_meteo/2025/01/era5.2025-01-01.ndjson#era5:paute:-2.6:-78.6:2025-01-01:2025-12-31
2025-08-27,paute,-2.6,-78.6,era5,8.7,9.9,,open_meteo:era5,2026-09-22T08:49:52Z,open_meteo/2025/01/era5.2025-01-01.ndjson#era5:paute:-2.6:-78.6:2025-01-01:2025-12-31
2025-08-28,paute,-2.6,-78.6,era5,2.6,9.7,,open_meteo:era5,2026-09-22T08:49:52Z,open_meteo/2025/01/era5.2025-01-01.ndjson#era5:paute:-2.6:-78.6:2025-01-01:2025-12-31
2025-08-29,paute,-2.6,-78.6,era5,0.2,10.8,,open_meteo:era5,2026-09-22T08:49:52Z,open_meteo/2025/01/era5.2025-01-01.ndjson#era5:paute:-2.6:-78.6:2025-01-01:2025-12-31
2025-08-30,paute,-2.6,-78.6,era5,0.6,11.3,,open_meteo:era5,2026-09-22T08:49:52Z,open_meteo/2025/01/era5.2025-01-01.ndjson#era5:paute:-2.6:-78.6:2025-01-01:2025-12-31
2025-08-31,paute,-2.6,-78.6,era5,0.2,10.8,,open_meteo:era5,2026-09-22T08:49:52Z,open_meteo/2025/01/era5.2025-01-01.ndjson#era5:paute:-2.6:-78.6:2025-01-01:2025-12-31
2025-09-01,paute,-2.6,-78.6,era5,0.6,11.6,,open_meteo:era5,2026-09-22T08:49:52Z,open_meteo/2025/01/era5.2025-01-01.ndjson#era5:paute:-2.6:-78.6:2025-01-01:2025-12-31
2025-09-02,paute,-2.6,-78.6,era5,4.3,10.8,,open_meteo:era5,2026-09-22T08:49:52Z,open_meteo/2025/01/era5.2025-01-01.ndjson#era5:paute:-2.6:-78.6:2025-01-01:2025-12-31
2025-09-03,paute,-2.6,-78.6,era5,0.8,10.8,,open_meteo:era5,2026-09-22T08:49:52Z,open_meteo/2025/01/era5.2025-01-01.ndjson#era5:paute:-2.6:-78.6:2025-01-01:2025-12-31
2025-09-04,paute,-2.6,-78.6,era5,0.1,10.9,,open_meteo:era5,2026-09-22T08:49:52Z,open_meteo/2025/01/era5.2025-01-01.ndjson#era5:paute:-2.6:-78.6:2025-01-01:2025-12-31
2025-09-05,paute,-2.6,-78.6,era5,0.2,11.1,,open_meteo:era5,2026-09-22T08:49:52Z,open_meteo/2025/01/era5.2025-01-01.ndjson#era5:paute:-2.6:-78.6:2025-01-01:2025-12-31
2025-09-06,paute,-2.6,-78.6,era5,1,10.6,,open_meteo:era5,2026-09-22T08:49:52Z,open_meteo/2025/01/era5.2025-01-01.ndjson#era5:paute:-2.6:-78.6:2025-01-01:2025-12-31
2025-09-07,paute,-2.6,-78.6,era5,0.2,10.8,,open_meteo:era5,2026-09-22T08:49:52Z,open_meteo/2025/01/era5.2025-01-01.ndjson#era5:paute:-2.6:-78.6:2025-01-01:2025-12-31
2025-09-08,paute,-2.6,-78.6,era5,0.5,11.5,,open_meteo:era5,2026-09-22T08:49:52Z,open_meteo/2025/01/era5.2025-01-01.ndjson#era5:paute:-2.6:-78.6:2025-01-01:2025-12-31
2025-09-09,paute,-2.6,-78.6,era5,0,11,,open_meteo:era5,2026-09-22T08:49:52Z,open_meteo/2025/01/era5.2025-01-01.ndjson#era5:paute:-2.6:-78.6:2025-01-01:2025-12-31
2025-09-10,paute,-2.6,-78.6,era5,1.8,11.1,,open_meteo:era5,2026-09-22T08:49:52Z,open_meteo/2025/01/era5.2025-01-01.ndjson#era5:paute:-2.6:-78.6:2025-01-01:2025-12-31
2025-09-11,paute,-2.6,-78.6,era5,3.8,10.9,,open_meteo:era5,2026-09-22T08:49:52Z,open_meteo/2025/01/era5.2025-01-01.ndjson#era5:paute:-2.6:-78.6:2025-01-01:2025-12-31
2025-09-12,paute,-2.6,-78.6,era5,6.6,11.1,,open_meteo:era5,2026-09-22T08:49:52Z,open_meteo/2025/01/era5.2025-01-01.ndjson#era5:paute:-2.6:-78.6:2025-01-01:2025-12-31
2025-09-13,paute,-2.6,-78.6,era5,6.1,11,,open_meteo:era5,2026-09-22T08:49:52Z,open_meteo/2025/01/era5.2025-01-01.ndjson#era5:paute:-2.6:-78.6:2025-01-01:2025-12-31
2025-09-14,paute,-2.6,-78.6,era5,0,11.4,,open_meteo:era5,2026-09-22T08:49:52Z,open_meteo/2025/01/era5.2025-01-01.ndjson#era5:paute:-2.6:-78.6:2025-01-01:2025-12-31
2025-09-15,paute,-2.6,-78.6,era5,1.1,11,,open_meteo:era5,2026-09-22T08:49:52Z,open_meteo/2025/01/era5.2025-01-01.ndjson#era5:paute:-2.6:-78.6:2025-01-01:2025-12-31
2025-09-16,paute,-2.6,-78.6,era5,6.4,11.3,,open_meteo:era5,2026-09-22T08:49:52Z,open_meteo/2025/01/era5.2025-01-01.ndjson#era5:paute:-2.6:-78.6:2025-01-01:2025-12-31
2025-09-17,paute,-2.6,-78.6,era5,1.7,12.5,,open_meteo:era5,2026-09-22T08:49:52Z,open_meteo/2025/01/era5.2025-01-01.ndjson#era5:paute:-2.6:-78.6:2025-01-01:2025-12-31
2025-09-18,paute,-2.6,-78.6,era5,1.8,13.1,,open_meteo:era5,2026-09-22T08:49:52Z,open_meteo/2025/01/era5.2025-01-01.ndjson#era5:paute:-2.6:-78.6:2025-01-01:2025-12-31
2025-09-19,paute,-2.6,-78.6,era5,4.8,12.3,,open_meteo:era5,2026-09-22T08:49:52Z,open_meteo/2025/01/era5.2025-01-01.ndjson#era5:paute:-2.6:-78.6:2025-01-01:2025-12-31
2025-09-20,paute,-2.6,-78.6,era5,4.6,12.2,,open_meteo:era5,2026-09-22T08:49:52Z,open_meteo/2025/01/era5.2025-01-01.ndjson#era5:paute:-2.6:-78.6:2025-01-01:2025-12-31
2025-09-21,paute,-2.6,-78.6,era5,11.4,12.7,,open_meteo:era5,2026-09-22T08:49:52Z,open_meteo/2025/01/era5.2025-01-01.ndjson#era5:paute:-2.6:-78.6:2025-01-01:2025-12-31
2025-09-22,paute,-2.6,-78.6,era5,6,12.4,,open_meteo:era5,2026-09-22T08:49:52Z,open_meteo/2025/01/era5.2025-01-01.ndjson#era5:paute:-2.6:-78.6:2025-01-01:2025-12-31
2025-09-23,paute,-2.6,-78.6,era5,3,11.4,,open_meteo:era5,2026-09-22T08:49:52Z,open_meteo/2025/01/era5.2025-01-01.ndjson#era5:paute:-2.6:-78.6:2025-01-01:2025-12-31
2025-09-24,paute,-2.6,-78.6,era5,5.6,11.5,,open_meteo:era5,2026-09-22T08:49:52Z,open_meteo/2025/01/era5.2025-01-01.ndjson#era5:paute:-2.6:-78.6:2025-01-01:2025-12-31
2025-09-25,paute,-2.6,-78.6,era5,15.4,11,,open_meteo:era5,2026-09-22T08:49:52Z,open_meteo/2025/01/era5.2025-01-01.ndjson#era5:paute:-2.6:-78.6:2025-01-01:2025-12-31
2025-09-26,paute,-2.6,-78.6,era5,10.2,10,,open_meteo:era5,2026-09-22T08:49:52Z,open_meteo/2025/01/era5.2025-01-01.ndjson#era5:paute:-2.6:-78.6:2025-01-01:2025-12-31
2025-09-27,paute,-2.6,-78.6,era5,0.8,11,,open_meteo:era5,2026-09-22T08:49:52Z,open_meteo/2025/01/era5.2025-01-01.ndjson#era5:paute:-2.6:-78.6:2025-01-01:2025-12-31
2025-09-28,paute,-2.6,-78.6,era5,0.7,12.6,,open_meteo:era5,2026-09-22T08:49:52Z,open_meteo/2025/01/era5.2025-01-01.ndjson#era5:paute:-2.6:-78.6:2025-01-01:2025-12-31
2025-09-29,paute,-2.6,-78.6,era5,1.3,12.5,,open_meteo:era5,2026-09-22T08:49:52Z,open_meteo/2025/01/era5.2025-01-01.ndjson#era5:paute:-2.6:-78.6:2025-01-01:2025-12-31
2025-09-30,paute,-2.6,-78.6,era5,2.8,12.4,,open_meteo:era5,2026-09-22T08:49:52Z,open_meteo/2025/01/era5.2025-01-01.ndjson#era5:paute:-2.6:-78.6:2025-01-01:2025-12-31
2025-10-01,paute,-2.6,-78.6,era5,1.9,12,,open_meteo:era5,2026-09-22T08:49:52Z,open_meteo/2025/01/era5.2025-01-01.ndjson#era5:paute:-2.6:-78.6:2025-01-01:2025-12-31
2025-10-02,paute,-2.6,-78.6,era5,1.5,12.2,,open_meteo:era5,2026-09-22T08:49:52Z,open_meteo/2025/01/era5.2025-01-01.ndjson#era5:paute:-2.6:-78.6:2025-01-01:2025-12-31
2025-10-03,paute,-2.6,-78.6,era5,2.5,11.3,,open_meteo:era5,2026-09-22T08:49:52Z,open_meteo/2025/01/era5.2025-01-01.ndjson#era5:paute:-2.6:-78.6:2025-01-01:2025-12-31
2025-10-04,paute,-2.6,-78.6,era5,4.7,12.2,,open_meteo:era5,2026-09-22T08:49:52Z,open_meteo/2025/01/era5.2025-01-01.ndjson#era5:paute:-2.6:-78.6:2025-01-01:2025-12-31
2025-10-05,paute,-2.6,-78.6,era5,0,12,,open_meteo:era5,2026-09-22T08:49:52Z,open_meteo/2025/01/era5.2025-01-01.ndjson#era5:paute:-2.6:-78.6:2025-01-01:2025-12-31
2025-10-06,paute,-2.6,-78.6,era5,0,11,,open_meteo:era5,2026-09-22T08:49:52Z,open_meteo/2025/01/era5.2025-01-01.ndjson#era5:paute:-2.6:-78.6:2025-01-01:2025-12-31
2025-10-07,paute,-2.6,-78.6,era5,0,12.6,,open_meteo:era5,2026-09-22T08:49:52Z,open_meteo/2025/01/era5.2025-01-01.ndjson#era5:paute:-2.6:-78.6:2025-01-01:2025-12-31
2025-10-08,paute,-2.6,-78.6,era5,2.1,12.5,,open_meteo:era5,2026-09-22T08:49:52Z,open_meteo/2025/01/era5.2025-01-01.ndjson#era5:paute:-2.6:-78.6:2025-01-01:2025-12-31
2025-10-09,paute,-2.6,-78.6,era5,11.4,12,,open_meteo:era5,2026-09-22T08:49:52Z,open_meteo/2025/01/era5.2025-01-01.ndjson#era5:paute:-2.6:-78.6:2025-01-01:2025-12-31
2025-10-10,paute,-2.6,-78.6,era5,8.9,11.8,,open_meteo:era5,2026-09-22T08:49:52Z,open_meteo/2025/01/era5.2025-01-01.ndjson#era5:paute:-2.6:-78.6:2025-01-01:2025-12-31
2025-10-11,paute,-2.6,-78.6,era5,5.2,12.4,,open_meteo:era5,2026-09-22T08:49:52Z,open_meteo/2025/01/era5.2025-01-01.ndjson#era5:paute:-2.6:-78.6:2025-01-01:2025-12-31
2025-10-12,paute,-2.6,-78.6,era5,10.8,12.1,,open_meteo:era5,2026-09-22T08:49:52Z,open_meteo/2025/01/era5.2025-01-01.ndjson#era5:paute:-2.6:-78.6:2025-01-01:2025-12-31
2025-10-13,paute,-2.6,-78.6,era5,8.6,11.5,,open_meteo:era5,2026-09-22T08:49:52Z,open_meteo/2025/01/era5.2025-01-01.ndjson#era5:paute:-2.6:-78.6:2025-01-01:2025-12-31
2025-10-14,paute,-2.6,-78.6,era5,16.4,12,,open_meteo:era5,2026-09-22T08:49:52Z,open_meteo/2025/01/era5.2025-01-01.ndjson#era5:paute:-2.6:-78.6:2025-01-01:2025-12-31
2025-10-15,paute,-2.6,-78.6,era5,12.4,11.6,,open_meteo:era5,2026-09-22T08:49:52Z,open_meteo/2025/01/era5.2025-01-01.ndjson#era5:paute:-2.6:-78.6:2025-01-01:2025-12-31
2025-10-16,paute,-2.6,-78.6,era5,10.7,12.1,,open_meteo:era5,2026-09-22T08:49:52Z,open_meteo/2025/01/era5.2025-01-01.ndjson#era5:paute:-2.6:-78.6:2025-01-01:2025-12-31
2025-10-17,paute,-2.6,-78.6,era5,6,12.1,,open_meteo:era5,2026-09-22T08:49:52Z,open_meteo/2025/01/era5.2025-01-01.ndjson#era5:paute:-2.6:-78.6:2025-01-01:2025-12-31
2025-10-18,paute,-2.6,-78.6,era5,3,12.2,,open_meteo:era5,2026-09-22T08:49:52Z,open_meteo/2025/01/era5.2025-01-01.ndjson#era5:paute:-2.6:-78.6:2025-01-01:2025-12-31
2025-10-19,paute,-2.6,-78.6,era5,0.9,12.1,,open_meteo:era5,2026-09-22T08:49:52Z,open_meteo/2025/01/era5.2025-01-01.ndjson#era5:paute:-2.6:-78.6:2025-01-01:2025-12-31
2025-10-20,paute,-2.6,-78.6,era5,0.1,12.1,,open_meteo:era5,2026-09-22T08:49:52Z,open_meteo/2025/01/era5.2025-01-01.ndjson#era5:paute:-2.6:-78.6:2025-01-01:2025-12-31
2025-10-21,paute,-2.6,-78.6,era5,2.6,12.5,,open_meteo:era5,2026-09-22T08:49:52Z,open_meteo/2025/01/era5.2025-01-01.ndjson#era5:paute:-2.6:-78.6:2025-01-01:2025-12-31
2025-10-22,paute,-2.6,-78.6,era5,6.2,12.7,,open_meteo:era5,2026-09-22T08:49:52Z,open_meteo/2025/01/era5.2025-01-01.ndjson#era5:paute:-2.6:-78.6:2025-01-01:2025-12-31
2025-10-23,paute,-2.6,-78.6,era5,10.1,12.7,,open_meteo:era5,2026-09-22T08:49:52Z,open_meteo/2025/01/era5.2025-01-01.ndjson#era5:paute:-2.6:-78.6:2025-01-01:2025-12-31
2025-10-24,paute,-2.6,-78.6,era5,3.6,12.1,,open_meteo:era5,2026-09-22T08:49:52Z,open_meteo/2025/01/era5.2025-01-01.ndjson#era5:paute:-2.6:-78.6:2025-01-01:2025-12-31
2025-10-25,paute,-2.6,-78.6,era5,5.4,13.1,,open_meteo:era5,2026-09-22T08:49:52Z,open_meteo/2025/01/era5.2025-01-01.ndjson#era5:paute:-2.6:-78.6:2025-01-01:2025-12-31
2025-10-26,paute,-2.6,-78.6,era5,6,13,,open_meteo:era5,2026-09-22T08:49:52Z,open_meteo/2025/01/era5.2025-01-01.ndjson#era5:paute:-2.6:-78.6:2025-01-01:2025-12-31
2025-10-27,paute,-2.6,-78.6,era5,13.5,12.4,,open_meteo:era5,2026-09-22T08:49:52Z,open_meteo/2025/01/era5.2025-01-01.ndjson#era5:paute:-2.6:-78.6:2025-01-01:2025-12-31
2025-10-28,paute,-2.6,-78.6,era5,12.3,12.6,,open_meteo:era5,2026-09-22T08:49:52Z,open_meteo/2025/01/era5.2025-01-01.ndjson#era5:paute:-2.6:-78.6:2025-01-01:2025-12-31
2025-10-29,paute,-2.6,-78.6,era5,5.1,10.9,,open_meteo:era5,2026-09-22T08:49:52Z,open_meteo/2025/01/era5.2025-01-01.ndjson#era5:paute:-2.6:-78.6:2025-01-01:2025-12-31
2025-10-30,paute,-2.6,-78.6,era5,6.8,11.9,,open_meteo:era5,2026-09-22T08:49:52Z,open_meteo/2025/01/era5.2025-01-01.ndjson#era5:paute:-2.6:-78.6:2025-01-01:2025-12-31
2025-10-31,paute,-2.6,-78.6,era5,5.5,12,,open_meteo:era5,2026-09-22T08:49:52Z,open_meteo/2025/01/era5.2025-01-01.ndjson#era5:paute:-2.6:-78.6:2025-01-01:2025-12-31
2025-11-01,paute,-2.6,-78.6,era5,10.8,13.1,,open_meteo:era5,2026-09-22T08:49:52Z,open_meteo/2025/01/era5.2025-01-01.ndjson#era5:paute:-2.6:-78.6:2025-01-01:2025-12-31
2025-11-02,paute,-2.6,-78.6,era5,6.1,12.4,,open_meteo:era5,2026-09-22T08:49:52Z,open_meteo/2025/01/era5.2025-01-01.ndjson#era5:paute:-2.6:-78.6:2025-01-01:2025-12-31
2025-11-03,paute,-2.6,-78.6,era5,9.2,12.5,,open_meteo:era5,2026-09-22T08:49:52Z,open_meteo/2025/01/era5.2025-01-01.ndjson#era5:paute:-2.6:-78.6:2025-01-01:2025-12-31
2025-11-04,paute,-2.6,-78.6,era5,18.9,13.2,,open_meteo:era5,2026-09-22T08:49:52Z,open_meteo/2025/01/era5.2025-01-01.ndjson#era5:paute:-2.6:-78.6:2025-01-01:2025-12-31
2025-11-05,paute,-2.6,-78.6,era5,14.1,11.7,,open_meteo:era5,2026-09-22T08:49:52Z,open_meteo/2025/01/era5.2025-01-01.ndjson#era5:paute:-2.6:-78.6:2025-01-01:2025-12-31
2025-11-06,paute,-2.6,-78.6,era5,6.2,12.8,,open_meteo:era5,2026-09-22T08:49:52Z,open_meteo/2025/01/era5.2025-01-01.ndjson#era5:paute:-2.6:-78.6:2025-01-01:2025-12-31
2025-11-07,paute,-2.6,-78.6,era5,0.7,13.3,,open_meteo:era5,2026-09-22T08:49:52Z,open_meteo/2025/01/era5.2025-01-01.ndjson#era5:paute:-2.6:-78.6:2025-01-01:2025-12-31
2025-11-08,paute,-2.6,-78.6,era5,4.4,12.2,,open_meteo:era5,2026-09-22T08:49:52Z,open_meteo/2025/01/era5.2025-01-01.ndjson#era5:paute:-2.6:-78.6:2025-01-01:2025-12-31
2025-11-09,paute,-2.6,-78.6,era5,4.4,12.7,,open_meteo:era5,2026-09-22T08:49:52Z,open_meteo/2025/01/era5.2025-01-01.ndjson#era5:paute:-2.6:-78.6:2025-01-01:2025-12-31
2025-11-10,paute,-2.6,-78.6,era5,3.1,12.6,,open_meteo:era5,2026-09-22T08:49:52Z,open_meteo/2025/01/era5.2025-01-01.ndjson#era5:paute:-2.6:-78.6:2025-01-01:2025-12-31
2025-11-11,paute,-2.6,-78.6,era5,6.2,12.8,,open_meteo:era5,2026-09-22T08:49:52Z,open_meteo/2025/01/era5.2025-01-01.ndjson#era5:paute:-2.6:-78.6:2025-01-01:2025-12-31
2025-11-12,paute,-2.6,-78.6,era5,8.5,13.2,,open_meteo:era5,2026-09-22T08:49:52Z,open_meteo/2025/01/era5.2025-01-01.ndjson#era5:paute:-2.6:-78.6:2025-01-01:2025-12-31
2025-11-13,paute,-2.6,-78.6,era5,6.7,12.7,,open_meteo:era5,2026-09-22T08:49:52Z,open_meteo/2025/01/era5.2025-01-01.ndjson#era5:paute:-2.6:-78.6:2025-01-01:2025-12-31
2025-11-14,paute,-2.6,-78.6,era5,7.9,13.2,,open_meteo:era5,2026-09-22T08:49:52Z,open_meteo/2025/01/era5.2025-01-01.ndjson#era5:paute:-2.6:-78.6:2025-01-01:2025-12-31
2025-11-15,paute,-2.6,-78.6,era5,11,12.3,,open_meteo:era5,2026-09-22T08:49:52Z,open_meteo/2025/01/era5.2025-01-01.ndjson#era5:paute:-2.6:-78.6:2025-01-01:2025-12-31
2025-11-16,paute,-2.6,-78.6,era5,11,12.9,,open_meteo:era5,2026-09-22T08:49:52Z,open_meteo/2025/01/era5.2025-01-01.ndjson#era5:paute:-2.6:-78.6:2025-01-01:2025-12-31
2025-11-17,paute,-2.6,-78.6,era5,6.4,12.4,,open_meteo:era5,2026-09-22T08:49:52Z,open_meteo/2025/01/era5.2025-01-01.ndjson#era5:paute:-2.6:-78.6:2025-01-01:2025-12-31
2025-11-18,paute,-2.6,-78.6,era5,8.6,12.5,,open_meteo:era5,2026-09-22T08:49:52Z,open_meteo/2025/01/era5.2025-01-01.ndjson#era5:paute:-2.6:-78.6:2025-01-01:2025-12-31
2025-11-19,paute,-2.6,-78.6,era5,16.4,13,,open_meteo:era5,2026-09-22T08:49:52Z,open_meteo/2025/01/era5.2025-01-01.ndjson#era5:paute:-2.6:-78.6:2025-01-01:2025-12-31
2025-11-20,paute,-2.6,-78.6,era5,20.6,12.9,,open_meteo:era5,2026-09-22T08:49:52Z,open_meteo/2025/01/era5.2025-01-01.ndjson#era5:paute:-2.6:-78.6:2025-01-01:2025-12-31
2025-11-21,paute,-2.6,-78.6,era5,14.5,12.7,,open_meteo:era5,2026-09-22T08:49:52Z,open_meteo/2025/01/era5.2025-01-01.ndjson#era5:paute:-2.6:-78.6:2025-01-01:2025-12-31
2025-11-22,paute,-2.6,-78.6,era5,2.4,12.9,,open_meteo:era5,2026-09-22T08:49:52Z,open_meteo/2025/01/era5.2025-01-01.ndjson#era5:paute:-2.6:-78.6:2025-01-01:2025-12-31
2025-11-23,paute,-2.6,-78.6,era5,7.7,12.7,,open_meteo:era5,2026-09-22T08:49:52Z,open_meteo/2025/01/era5.2025-01-01.ndjson#era5:paute:-2.6:-78.6:2025-01-01:2025-12-31
2025-11-24,paute,-2.6,-78.6,era5,9.8,12.7,,open_meteo:era5,2026-09-22T08:49:52Z,open_meteo/2025/01/era5.2025-01-01.ndjson#era5:paute:-2.6:-78.6:2025-01-01:2025-12-31
2025-11-25,paute,-2.6,-78.6,era5,5.1,12.6,,open_meteo:era5,2026-09-22T08:49:52Z,open_meteo/2025/01/era5.2025-01-01.ndjson#era5:paute:-2.6:-78.6:2025-01-01:2025-12-31
2025-11-26,paute,-2.6,-78.6,era5,3.8,13.2,,open_meteo:era5,2026-09-22T08:49:52Z,open_meteo/2025/01/era5.2025-01-01.ndjson#era5:paute:-2.6:-78.6:2025-01-01:2025-12-31
2025-11-27,paute,-2.6,-78.6,era5,12.2,12.7,,open_meteo:era5,2026-09-22T08:49:52Z,open_meteo/2025/01/era5.2025-01-01.ndjson#era5:paute:-2.6:-78.6:2025-01-01:2025-12-31
2025-11-28,paute,-2.6,-78.6,era5,17.5,12.7,,open_meteo:era5,2026-09-22T08:49:52Z,open_meteo/2025/01/era5.2025-01-01.ndjson#era5:paute:-2.6:-78.6:2025-01-01:2025-12-31
2025-11-29,paute,-2.6,-78.6,era5,17.6,13.9,,open_meteo:era5,2026-09-22T08:49:52Z,open_meteo/2025/01/era5.2025-01-01.ndjson#era5:paute:-2.6:-78.6:2025-01-01:2025-12-31
2025-11-30,paute,-2.6,-78.6,era5,26.9,13.2,,open_meteo:era5,2026-09-22T08:49:52Z,open_meteo/2025/01/era5.2025-01-01.ndjson#era5:paute:-2.6:-78.6:2025-01-01:2025-12-31
2025-12-01,paute,-2.6,-78.6,era5,8.4,13,,open_meteo:era5,2026-09-22T08:49:52Z,open_meteo/2025/01/era5.2025-01-01.ndjson#era5:paute:-2.6:-78.6:2025-01-01:2025-12-31
2025-12-02,paute,-2.6,-78.6,era5,4.9,12.7,,open_meteo:era5,2026-09-22T08:49:52Z,open_meteo/2025/01/era5.2025-01-01.ndjson#era5:paute:-2.6:-78.6:2025-01-01:2025-12-31
2025-12-03,paute,-2.6,-78.6,era5,2.9,12.8,,open_meteo:era5,2026-09-22T08:49:52Z,open_meteo/2025/01/era5.2025-01-01.ndjson#era5:paute:-2.6:-78.6:2025-01-01:2025-12-31
2025-12-04,paute,-2.6,-78.6,era5,1.7,11.9,,open_meteo:era5,2026-09-22T08:49:52Z,open_meteo/2025/01/era5.2025-01-01.ndjson#era5:paute:-2.6:-78.6:2025-01-01:2025-12-31
2025-12-05,paute,-2.6,-78.6,era5,2,12.1,,open_meteo:era5,2026-09-22T08:49:52Z,open_meteo/2025/01/era5.2025-01-01.ndjson#era5:paute:-2.6:-78.6:2025-01-01:2025-12-31
2025-12-06,paute,-2.6,-78.6,era5,5.6,12.2,,open_meteo:era5,2026-09-22T08:49:52Z,open_meteo/2025/01/era5.2025-01-01.ndjson#era5:paute:-2.6:-78.6:2025-01-01:2025-12-31
2025-12-07,paute,-2.6,-78.6,era5,2.5,12,,open_meteo:era5,2026-09-22T08:49:52Z,open_meteo/2025/01/era5.2025-01-01.ndjson#era5:paute:-2.6:-78.6:2025-01-01:2025-12-31
2025-12-08,paute,-2.6,-78.6,era5,4.7,12.3,,open_meteo:era5,2026-09-22T08:49:52Z,open_meteo/2025/01/era5.2025-01-01.ndjson#era5:paute:-2.6:-78.6:2025-01-01:2025-12-31
2025-12-09,paute,-2.6,-78.6,era5,9.9,12.2,,open_meteo:era5,2026-09-22T08:49:52Z,open_meteo/2025/01/era5.2025-01-01.ndjson#era5:paute:-2.6:-78.6:2025-01-01:2025-12-31
2025-12-10,paute,-2.6,-78.6,era5,8,12.3,,open_meteo:era5,2026-09-22T08:49:52Z,open_meteo/2025/01/era5.2025-01-01.ndjson#era5:paute:-2.6:-78.6:2025-01-01:2025-12-31
2025-12-11,paute,-2.6,-78.6,era5,8.3,12.6,,open_meteo:era5,2026-09-22T08:49:52Z,open_meteo/2025/01/era5.2025-01-01.ndjson#era5:paute:-2.6:-78.6:2025-01-01:2025-12-31
2025-12-12,paute,-2.6,-78.6,era5,3.4,12.8,,open_meteo:era5,2026-09-22T08:49:52Z,open_meteo/2025/01/era5.2025-01-01.ndjson#era5:paute:-2.6:-78.6:2025-01-01:2025-12-31
2025-12-13,paute,-2.6,-78.6,era5,6.2,12.7,,open_meteo:era5,2026-09-22T08:49:52Z,open_meteo/2025/01/era5.2025-01-01.ndjson#era5:paute:-2.6:-78.6:2025-01-01:2025-12-31
2025-12-14,paute,-2.6,-78.6,era5,6.3,12.8,,open_meteo:era5,2026-09-22T08:49:52Z,open_meteo/2025/01/era5.2025-01-01.ndjson#era5:paute:-2.6:-78.6:2025-01-01:2025-12-31
2025-12-15,paute,-2.6,-78.6,era5,19.4,13.4,,open_meteo:era5,2026-09-22T08:49:52Z,open_meteo/2025/01/era5.2025-01-01.ndjson#era5:paute:-2.6:-78.6:2025-01-01:2025-12-31
2025-12-16,paute,-2.6,-78.6,era5,24.4,13.5,,open_meteo:era5,2026-09-22T08:49:52Z,open_meteo/2025/01/era5.2025-01-01.ndjson#era5:paute:-2.6:-78.6:2025-01-01:2025-12-31
2025-12-17,paute,-2.6,-78.6,era5,9.4,12.3,,open_meteo:era5,2026-09-22T08:49:52Z,open_meteo/2025/01/era5.2025-01-01.ndjson#era5:paute:-2.6:-78.6:2025-01-01:2025-12-31
2025-12-18,paute,-2.6,-78.6,era5,5.8,12.1,,open_meteo:era5,2026-09-22T08:49:52Z,open_meteo/2025/01/era5.2025-01-01.ndjson#era5:paute:-2.6:-78.6:2025-01-01:2025-12-31
2025-12-19,paute,-2.6,-78.6,era5,24.9,12.3,,open_meteo:era5,2026-09-22T08:49:52Z,open_meteo/2025/01/era5.2025-01-01.ndjson#era5:paute:-2.6:-78.6:2025-01-01:2025-12-31
2025-12-20,paute,-2.6,-78.6,era5,30.4,12.5,,open_meteo:era5,2026-09-22T08:49:52Z,open_meteo/2025/01/era5.2025-01-01.ndjson#era5:paute:-2.6:-78.6:2025-01-01:2025-12-31
2025-12-21,paute,-2.6,-78.6,era5,8,12.5,,open_meteo:era5,2026-09-22T08:49:52Z,open_meteo/2025/01/era5.2025-01-01.ndjson#era5:paute:-2.6:-78.6:2025-01-01:2025-12-31
2025-12-22,paute,-2.6,-78.6,era5,7.8,13.5,,open_meteo:era5,2026-09-22T08:49:52Z,open_meteo/2025/01/era5.2025-01-01.ndjson#era5:paute:-2.6:-78.6:2025-01-01:2025-12-31
2025-12-23,paute,-2.6,-78.6,era5,8.1,13.4,,open_meteo:era5,2026-09-22T08:49:52Z,open_meteo/2025/01/era5.2025-01-01.ndjson#era5:paute:-2.6:-78.6:2025-01-01:2025-12-31
2025-12-24,paute,-2.6,-78.6,era5,6.8,13.4,,open_meteo:era5,2026-09-22T08:49:52Z,open_meteo/2025/01/era5.2025-01-01.ndjson#era5:paute:-2.6:-78.6:2025-01-01:2025-12-31
2025-12-25,paute,-2.6,-78.6,era5,18.2,13.7,,open_meteo:era5,2026-09-22T08:49:52Z,open_meteo/2025/01/era5.2025-01-01.ndjson#era5:paute:-2.6:-78.6:2025-01-01:2025-12-31
2025-12-26,paute,-2.6,-78.6,era5,34.6,12.3,,open_meteo:era5,2026-09-22T08:49:52Z,open_meteo/2025/01/era5.2025-01-01.ndjson#era5:paute:-2.6:-78.6:2025-01-01:2025-12-31
2025-12-27,paute,-2.6,-78.6,era5,34.5,11.4,,open_meteo:era5,2026-09-22T08:49:52Z,open_meteo/2025/01/era5.2025-01-01.ndjson#era5:paute:-2.6:-78.6:2025-01-01:2025-12-31
2025-12-28,paute,-2.6,-78.6,era5,2.6,12,,open_meteo:era5,2026-09-22T08:49:52Z,open_meteo/2025/01/era5.2025-01-01.ndjson#era5:paute:-2.6:-78.6:2025-01-01:2025-12-31
2025-12-29,paute,-2.6,-78.6,era5,1,11.5,,open_meteo:era5,2026-09-22T08:49:52Z,open_meteo/2025/01/era5.2025-01-01.ndjson#era5:paute:-2.6:-78.6:2025-01-01:2025-12-31
2025-12-30,paute,-2.6,-78.6,era5,0.9,11.6,,open_meteo:era5,2026-09-22T08:49:52Z,open_meteo/2025/01/era5.2025-01-01.ndjson#era5:paute:-2.6:-78.6:2025-01-01:2025-12-31
2025-12-31,paute,-2.6,-78.6,era5,1.1,12,,open_meteo:era5,2026-09-22T08:49:52Z,open_meteo/2025/01/era5.2025-01-01.ndjson#era5:paute:-2.6:-78.6:2025-01-01:2025-12-31
