date,site,variable,value,source,mrid,fetched_at,raw_ref
2011-01-01,mazar,caudal_m3s,93.475,ords:pointValues,30538,2026-09-22T13:54:54Z,celec_ords/2011/01/pointValuesMesH24.ndjson.gz#pointValuesMesH24:30538:2011-01-01
2011-01-01,paute_cuenca,caudal_cuenca_m3s,142.157622,ords:csrCaudCuenAniosAvg,,2026-09-22T14:36:21Z,celec_ords/2027/01/csrCaudCuenAniosAvg.ndjson.gz#csrCaudCuenAniosAvg:2010-01-01:2027-01-01
2011-01-02,mazar,caudal_m3s,103.45,ords:pointValues,30538,2026-09-22T13:54:54Z,celec_ords/2011/01/pointValuesMesH24.ndjson.gz#pointValuesMesH24:30538:2011-01-01
2011-01-03,mazar,caudal_m3s,74.367,ords:pointValues,30538,2026-09-22T13:54:54Z,celec_ords/2011/01/pointValuesMesH24.ndjson.gz#pointValuesMesH24:30538:2011-01-01
2011-01-04,mazar,caudal_m3s,67.76,ords:pointValues,30538,2026-09-22T13:54:54Z,celec_ords/2011/01/pointValuesMesH24.ndjson.gz#pointValuesMesH24:30538:2011-01-01
2011-01-05,mazar,caudal_m3s,108.381,ords:pointValues,30538,2026-09-22T13:54:54Z,celec_ords/2011/01/pointValuesMesH24.ndjson.gz#pointValuesMesH24:30538:2011-01-01
2011-01-06,mazar,caudal_m3s,54.351,ords:pointValues,30538,2026-09-22T13:54:54Z,celec_ords/2011/01/pointValuesMesH24.ndjson.gz#pointValuesMesH24:30538:2011-01-01
2011-01-07,mazar,caudal_m3s,103.465,ords:pointValues,30538,2026-09-22T13:54:54Z,celec_ords/2011/01/pointValuesMesH24.ndjson.gz#pointValuesMesH24:30538:2011-01-01
2011-01-08,mazar,caudal_m3s,70.369,ords:pointValues,30538,2026-09-22T13:54:54Z,celec_ords/2011/01/pointValuesMesH24.ndjson.gz#pointValuesMesH24:30538:2011-01-01
2011-01-09,mazar,caudal_m3s,220.596,ords:pointValues,30538,2026-09-22T13:54:54Z,celec_ords/2011/01/pointValuesMesH24.ndjson.gz#pointValuesMesH24:30538:2011-01-01
2011-01-10,mazar,caudal_m3s,98.723,ords:pointValues,30538,2026-09-22T13:54:54Z,celec_ords/2011/01/pointValuesMesH24.ndjson.gz#pointValuesMesH24:30538:2011-01-01
2011-01-11,mazar,caudal_m3s,97.466,ords:pointValues,30538,2026-09-22T13:54:54Z,celec_ords/2011/01/pointValuesMesH24.ndjson.gz#pointValuesMesH24:30538:2011-01-01
2011-01-12,mazar,caudal_m3s,66.816,ords:pointValues,30538,2026-09-22T13:54:54Z,celec_ords/2011/01/pointValuesMesH24.ndjson.gz#pointValuesMesH24:30538:2011-01-01
2011-01-13,mazar,caudal_m3s,60.981,ords:pointValues,30538,2026-09-22T13:54:54Z,celec_ords/2011/01/pointValuesMesH24.ndjson.gz#pointValuesMesH24:30538:2011-01-01
2011-01-14,mazar,caudal_m3s,40.861,ords:pointValues,30538,2026-09-22T13:54:54Z,celec_ords/2011/01/pointValuesMesH24.ndjson.gz#pointValuesMesH24:30538:2011-01-01
2011-01-15,mazar,caudal_m3s,35.189,ords:pointValues,30538,2026-09-22T13:54:54Z,celec_ords/2011/01/pointValuesMesH24.ndjson.gz#pointValuesMesH24:30538:2011-01-01
2011-01-16,mazar,caudal_m3s,40.793,ords:pointValues,30538,2026-09-22T13:54:54Z,celec_ords/2011/01/pointValuesMesH24.ndjson.gz#pointValuesMesH24:30538:2011-01-01
2011-01-17,mazar,caudal_m3s,44.554,ords:pointValues,30538,2026-09-22T13:54:54Z,celec_ords/2011/01/pointValuesMesH24.ndjson.gz#pointValuesMesH24:30538:2011-01-01
2011-01-18,mazar,caudal_m3s,39.035,ords:pointValues,30538,2026-09-22T13:54:54Z,celec_ords/2011/01/pointValuesMesH24.ndjson.gz#pointValuesMesH24:30538:2011-01-01
2011-01-19,mazar,caudal_m3s,47.027,ords:pointValues,30538,2026-09-22T13:54:54Z,celec_ords/2011/01/pointValuesMesH24.ndjson.gz#pointValuesMesH24:30538:2011-01-01
2011-01-20,mazar,caudal_m3s,43.885,ords:pointValues,30538,2026-09-22T13:54:54Z,celec_ords/2011/01/pointValuesMesH24.ndjson.gz#pointValuesMesH24:30538:2011-01-01
2011-01-21,mazar,caudal_m3s,42.889,ords:pointValues,30538,2026-09-22T13:54:54Z,celec_ords/2011/01/pointValuesMesH24.ndjson.gz#pointValuesMesH24:30538:2011-01-01
2011-01-22,mazar,caudal_m3s,41.8,ords:pointValues,30538,2026-09-22T13:54:54Z,celec_ords/2011/01/pointValuesMesH24.ndjson.gz#pointValuesMesH24:30538:2011-01-01
2011-01-23,mazar,caudal_m3s,32.504,ords:pointValues,30538,2026-09-22T13:54:54Z,celec_ords/2011/01/pointValuesMesH24.ndjson.gz#pointValuesMesH24:30538:2011-01-01
2011-01-24,mazar,caudal_m3s,37.322,ords:pointValues,30538,2026-09-22T13:54:54Z,celec_ords/2011/01/pointValuesMesH24.ndjson.gz#pointValuesMesH24:30538:2011-01-01
2011-01-25,mazar,caudal_m3s,25.093,ords:pointValues,30538,2026-09-22T13:54:54Z,celec_ords/2011/01/pointValuesMesH24.ndjson.gz#pointValuesMesH24:30538:2011-01-01
2011-01-26,mazar,caudal_m3s,26.824,ords:pointValues,30538,2026-09-22T13:54:54Z,celec_ords/2011/01/pointValuesMesH24.ndjson.gz#pointValuesMesH24:30538:2011-01-01
2011-01-27,mazar,caudal_m3s,36.892,ords:pointValues,30538,2026-09-22T13:54:54Z,celec_ords/2011/01/pointValuesMesH24.ndjson.gz#pointValuesMesH24:30538:2011-01-01
2011-01-28,mazar,caudal_m3s,55.733,ords:pointValues,30538,2026-09-22T13:54:54Z,celec_ords/2011/01/pointValuesMesH24.ndjson.gz#pointValuesMesH24:30538:2011-01-01
2011-01-29,mazar,caudal_m3s,77.53,ords:pointValues,30538,2026-09-22T13:54:54Z,celec_ords/2011/01/pointValuesMesH24.ndjson.gz#pointValuesMesH24:30538:2011-01-01
2011-01-30,mazar,caudal_m3s,42.025,ords:pointValues,30538,2026-09-22T13:54:54Z,celec_ords/2011/01/pointValuesMesH24.ndjson.gz#pointValuesMesH24:30538:2011-01-01
2011-01-31,mazar,caudal_m3s,38.539,ords:pointValues,30538,2026-09-22T13:54:54Z,celec_ords/2011/01/pointValuesMesH24.ndjson.gz#pointValuesMesH24:30538:2011-01-01
2011-02-01,mazar,caudal_m3s,43.787,ords:pointValues,30538,2026-09-22T13:54:53Z,celec_ords/2011/02/pointValuesMesH24.ndjson.gz#pointValuesMesH24:30538:2011-02-01
2011-02-02,mazar,caudal_m3s,64.477,ords:pointValues,30538,2026-09-22T13:54:53Z,celec_ords/2011/02/pointValuesMesH24.ndjson.gz#pointValuesMesH24:30538:2011-02-01
2011-02-03,mazar,caudal_m3s,48.5,ords:pointValues,30538,2026-09-22T13:54:53Z,celec_ords/2011/02/pointValuesMesH24.ndjson.gz#pointValuesMesH24:30538:2011-02-01
2011-02-04,mazar,caudal_m3s,53.528,ords:pointValues,30538,2026-09-22T13:54:53Z,celec_ords/2011/02/pointValuesMesH24.ndjson.gz#pointValuesMesH24:30538:2011-02-01
2011-02-05,mazar,caudal_m3s,41.4,ords:pointValues,30538,2026-09-22T13:54:53Z,celec_ords/2011/02/pointValuesMesH24.ndjson.gz#pointValuesMesH24:30538:2011-02-01
2011-02-06,mazar,caudal_m3s,79.29,ords:pointValues,30538,2026-09-22T13:54:53Z,celec_ords/2011/02/pointValuesMesH24.ndjson.gz#pointValuesMesH24:30538:2011-02-01
2011-02-07,mazar,caudal_m3s,80.203,ords:pointValues,30538,2026-09-22T13:54:53Z,celec_ords/2011/02/pointValuesMesH24.ndjson.gz#pointValuesMesH24:30538:2011-02-01
2011-02-08,mazar,caudal_m3s,171.972,ords:pointValues,30538,2026-09-22T13:54:53Z,celec_ords/2011/02/pointValuesMesH24.ndjson.gz#pointValuesMesH24:30538:2011-02-01
2011-02-09,mazar,caudal_m3s,83.567,ords:pointValues,30538,2026-09-22T13:54:53Z,celec_ords/2011/02/pointValuesMesH24.ndjson.gz#pointValuesMesH24:30538:2011-02-01
2011-02-10,mazar,caudal_m3s,66.478,ords:pointValues,30538,2026-09-22T13:54:53Z,celec_ords/2011/02/pointValuesMesH24.ndjson.gz#pointValuesMesH24:30538:2011-02-01
2011-02-11,mazar,caudal_m3s,137.529,ords:pointValues,30538,2026-09-22T13:54:53Z,celec_ords/2011/02/pointValuesMesH24.ndjson.gz#pointValuesMesH24:30538:2011-02-01
2011-02-12,mazar,caudal_m3s,97.881,ords:pointValues,30538,2026-09-22T13:54:53Z,celec_ords/2011/02/pointValuesMesH24.ndjson.gz#pointValuesMesH24:30538:2011-02-01
2011-02-13,mazar,caudal_m3s,201.548,ords:pointValues,30538,2026-09-22T13:54:53Z,celec_ords/2011/02/pointValuesMesH24.ndjson.gz#pointValuesMesH24:30538:2011-02-01
2011-02-14,mazar,caudal_m3s,167.918,ords:pointValues,30538,2026-09-22T13:54:53Z,celec_ords/2011/02/pointValuesMesH24.ndjson.gz#pointValuesMesH24:30538:2011-02-01
2011-02-15,mazar,caudal_m3s,185.775,ords:pointValues,30538,2026-09-22T13:54:53Z,celec_ords/2011/02/pointValuesMesH24.ndjson.gz#pointValuesMesH24:30538:2011-02-01
2011-02-16,mazar,caudal_m3s,226.747,ords:pointValues,30538,2026-09-22T13:54:53Z,celec_ords/2011/02/pointValuesMesH24.ndjson.gz#pointValuesMesH24:30538:2011-02-01
2011-02-17,mazar,caudal_m3s,123.876,ords:pointValues,30538,2026-09-22T13:54:53Z,celec_ords/2011/02/pointValuesMesH24.ndjson.gz#pointValuesMesH24:30538:2011-02-01
2011-02-18,mazar,caudal_m3s,92.069,ords:pointValues,30538,2026-09-22T13:54:53Z,celec_ords/2011/02/pointValuesMesH24.ndjson.gz#pointValuesMesH24:30538:2011-02-01
2011-02-19,mazar,caudal_m3s,68.333,ords:pointValues,30538,2026-09-22T13:54:53Z,celec_ords/2011/02/pointValuesMesH24.ndjson.gz#pointValuesMesH24:30538:2011-02-01
2011-02-20,mazar,caudal_m3s,61.669,ords:pointValues,30538,2026-09-22T13:54:53Z,celec_ords/2011/02/pointValuesMesH24.ndjson.gz#pointValuesMesH24:30538:2011-02-01
2011-02-21,mazar,caudal_m3s,54.982,ords:pointValues,30538,2026-09-22T13:54:53Z,celec_ords/2011/02/pointValuesMesH24.ndjson.gz#pointValuesMesH24:30538:2011-02-01
2011-02-22,mazar,caudal_m3s,55.464,ords:pointValues,30538,2026-09-22T13:54:53Z,celec_ords/2011/02/pointValuesMesH24.ndjson.gz#pointValuesMesH24:30538:2011-02-01
2011-02-23,mazar,caudal_m3s,44.153,ords:pointValues,30538,2026-09-22T13:54:53Z,celec_ords/2011/02/pointValuesMesH24.ndjson.gz#pointValuesMesH24:30538:2011-02-01
2011-02-24,mazar,caudal_m3s,59.534,ords:pointValues,30538,2026-09-22T13:54:53Z,celec_ords/2011/02/pointValuesMesH24.ndjson.gz#pointValuesMesH24:30538:2011-02-01
2011-02-25,mazar,caudal_m3s,43.977,ords:pointValues,30538,2026-09-22T13:54:53Z,celec_ords/2011/02/pointValuesMesH24.ndjson.gz#pointValuesMesH24:30538:2011-02-01
2011-02-26,mazar,caudal_m3s,42.877,ords:pointValues,30538,2026-09-22T13:54:53Z,celec_ords/2011/02/pointValuesMesH24.ndjson.gz#pointValuesMesH24:30538:2011-02-01
2011-02-27,mazar,caudal_m3s,57.29,ords:pointValues,30538,2026-09-22T13:54:53Z,celec_ords/2011/02/pointValuesMesH24.ndjson.gz#pointValuesMesH24:30538:2011-02-01
2011-02-28,mazar,caudal_m3s,56.724,ords:pointValues,30538,2026-09-22T13:54:53Z,celec_ords/2011/02/pointValuesMesH24.ndjson.gz#pointValuesMesH24:30538:2011-02-01
2011-03-01,mazar,caudal_m3s,59.342,ords:pointValues,30538,2026-09-22T13:54:52Z,celec_ords/2011/03/pointValuesMesH24.ndjson.gz#pointValuesMesH24:30538:2011-03-01
2011-03-02,mazar,caudal_m3s,32.814,ords:pointValues,30538,2026-09-22T13:54:52Z,celec_ords/2011/03/pointValuesMesH24.ndjson.gz#pointValuesMesH24:30538:2011-03-01
2011-03-03,mazar,caudal_m3s,36.597,ords:pointValues,30538,2026-09-22T13:54:52Z,celec_ords/2011/03/pointValuesMesH24.ndjson.gz#pointValuesMesH24:30538:2011-03-01
2011-03-04,mazar,caudal_m3s,34.448,ords:pointValues,30538,2026-09-22T13:54:52Z,celec_ords/2011/03/pointValuesMesH24.ndjson.gz#pointValuesMesH24:30538:2011-03-01
2011-03-05,mazar,caudal_m3s,31.203,ords:pointValues,30538,2026-09-22T13:54:52Z,celec_ords/2011/03/pointValuesMesH24.ndjson.gz#pointValuesMesH24:30538:2011-03-01
2011-03-06,mazar,caudal_m3s,44.286,ords:pointValues,30538,2026-09-22T13:54:52Z,celec_ords/2011/03/pointValuesMesH24.ndjson.gz#pointValuesMesH24:30538:2011-03-01
2011-03-07,mazar,caudal_m3s,28.738,ords:pointValues,30538,2026-09-22T13:54:52Z,celec_ords/2011/03/pointValuesMesH24.ndjson.gz#pointValuesMesH24:30538:2011-03-01
2011-03-08,mazar,caudal_m3s,49.729,ords:pointValues,30538,2026-09-22T13:54:52Z,celec_ords/2011/03/pointValuesMesH24.ndjson.gz#pointValuesMesH24:30538:2011-03-01
2011-03-09,mazar,caudal_m3s,51.133,ords:pointValues,30538,2026-09-22T13:54:52Z,celec_ords/2011/03/pointValuesMesH24.ndjson.gz#pointValuesMesH24:30538:2011-03-01
2011-03-10,mazar,caudal_m3s,41.467,ords:pointValues,30538,2026-09-22T13:54:52Z,celec_ords/2011/03/pointValuesMesH24.ndjson.gz#pointValuesMesH24:30538:2011-03-01
2011-03-11,mazar,caudal_m3s,21.893,ords:pointValues,30538,2026-09-22T13:54:52Z,celec_ords/2011/03/pointValuesMesH24.ndjson.gz#pointValuesMesH24:30538:2011-03-01
2011-03-12,mazar,caudal_m3s,25.724,ords:pointValues,30538,2026-09-22T13:54:52Z,celec_ords/2011/03/pointValuesMesH24.ndjson.gz#pointValuesMesH24:30538:2011-03-01
2011-03-13,mazar,caudal_m3s,21.118,ords:pointValues,30538,2026-09-22T13:54:52Z,celec_ords/2011/03/pointValuesMesH24.ndjson.gz#pointValuesMesH24:30538:2011-03-01
2011-03-14,mazar,caudal_m3s,30.83,ords:pointValues,30538,2026-09-22T13:54:52Z,celec_ords/2011/03/pointValuesMesH24.ndjson.gz#pointValuesMesH24:30538:2011-03-01
2011-03-15,mazar,caudal_m3s,18.855,ords:pointValues,30538,2026-09-22T13:54:52Z,celec_ords/2011/03/pointValuesMesH24.ndjson.gz#pointValuesMesH24:30538:2011-03-01
2011-03-16,mazar,caudal_m3s,25.027,ords:pointValues,30538,2026-09-22T13:54:52Z,celec_ords/2011/03/pointValuesMesH24.ndjson.gz#pointValuesMesH24:30538:2011-03-01
2011-03-17,mazar,caudal_m3s,30.697,ords:pointValues,30538,2026-09-22T13:54:52Z,celec_ords/2011/03/pointValuesMesH24.ndjson.gz#pointValuesMesH24:30538:2011-03-01
2011-03-18,mazar,caudal_m3s,23.607,ords:pointValues,30538,2026-09-22T13:54:52Z,celec_ords/2011/03/pointValuesMesH24.ndjson.gz#pointValuesMesH24:30538:2011-03-01
2011-03-19,mazar,caudal_m3s,44.835,ords:pointValues,30538,2026-09-22T13:54:52Z,celec_ords/2011/03/pointValuesMesH24.ndjson.gz#pointValuesMesH24:30538:2011-03-01
2011-03-20,mazar,caudal_m3s,101.381,ords:pointValues,30538,2026-09-22T13:54:52Z,celec_ords/2011/03/pointValuesMesH24.ndjson.gz#pointValuesMesH24:30538:2011-03-01
2011-03-21,mazar,caudal_m3s,156.001,ords:pointValues,30538,2026-09-22T13:54:52Z,celec_ords/2011/03/pointValuesMesH24.ndjson.gz#pointValuesMesH24:30538:2011-03-01
2011-03-22,mazar,caudal_m3s,71.303,ords:pointValues,30538,2026-09-22T13:54:52Z,celec_ords/2011/03/pointValuesMesH24.ndjson.gz#pointValuesMesH24:30538:2011-03-01
2011-03-23,mazar,caudal_m3s,42.232,ords:pointValues,30538,2026-09-22T13:54:52Z,celec_ords/2011/03/pointValuesMesH24.ndjson.gz#pointValuesMesH24:30538:2011-03-01
2011-03-24,mazar,caudal_m3s,75.503,ords:pointValues,30538,2026-09-22T13:54:52Z,celec_ords/2011/03/pointValuesMesH24.ndjson.gz#pointValuesMesH24:30538:2011-03-01
2011-03-25,mazar,caudal_m3s,66.121,ords:pointValues,30538,2026-09-22T13:54:52Z,celec_ords/2011/03/pointValuesMesH24.ndjson.gz#pointValuesMesH24:30538:2011-03-01
2011-03-26,mazar,caudal_m3s,61.346,ords:pointValues,30538,2026-09-22T13:54:52Z,celec_ords/2011/03/pointValuesMesH24.ndjson.gz#pointValuesMesH24:30538:2011-03-01
2011-03-27,mazar,caudal_m3s,45.444,ords:pointValues,30538,2026-09-22T13:54:52Z,celec_ords/2011/03/pointValuesMesH24.ndjson.gz#pointValuesMesH24:30538:2011-03-01
2011-03-28,mazar,caudal_m3s,45.427,ords:pointValues,30538,2026-09-22T13:54:52Z,celec_ords/2011/03/pointValuesMesH24.ndjson.gz#pointValuesMesH24:30538:2011-03-01
2011-03-29,mazar,caudal_m3s,46.781,ords:pointValues,30538,2026-09-22T13:54:52Z,celec_ords/2011/03/pointValuesMesH24.ndjson.gz#pointValuesMesH24:30538:2011-03-01
2011-03-30,mazar,caudal_m3s,37.672,ords:pointValues,30538,2026-09-22T13:54:52Z,celec_ords/2011/03/pointValuesMesH24.ndjson.gz#pointValuesMesH24:30538:2011-03-01
2011-03-31,mazar,caudal_m3s,35.249,ords:pointValues,30538,2026-09-22T13:54:52Z,celec_ords/2011/03/pointValuesMesH24.ndjson.gz#pointValuesMesH24:30538:2011-03-01
2011-04-01,mazar,caudal_m3s,53.76,ords:pointValues,30538,2026-09-22T13:54:51Z,celec_ords/2011/04/pointValuesMesH24.ndjson.gz#pointValuesMesH24:30538:2011-04-01
2011-04-02,mazar,caudal_m3s,49.802,ords:pointValues,30538,2026-09-22T13:54:51Z,celec_ords/2011/04/pointValuesMesH24.ndjson.gz#pointValuesMesH24:30538:2011-04-01
2011-04-03,mazar,caudal_m3s,62.251,ords:pointValues,30538,2026-09-22T13:54:51Z,celec_ords/2011/04/pointValuesMesH24.ndjson.gz#pointValuesMesH24:30538:2011-04-01
2011-04-04,mazar,caudal_m3s,125.013,ords:pointValues,30538,2026-09-22T13:54:51Z,celec_ords/2011/04/pointValuesMesH24.ndjson.gz#pointValuesMesH24:30538:2011-04-01
2011-04-05,mazar,caudal_m3s,95.107,ords:pointValues,30538,2026-09-22T13:54:51Z,celec_ords/2011/04/pointValuesMesH24.ndjson.gz#pointValuesMesH24:30538:2011-04-01
2011-04-06,mazar,caudal_m3s,142.251,ords:pointValues,30538,2026-09-22T13:54:51Z,celec_ords/2011/04/pointValuesMesH24.ndjson.gz#pointValuesMesH24:30538:2011-04-01
2011-04-07,mazar,caudal_m3s,369.045,ords:pointValues,30538,2026-09-22T13:54:51Z,celec_ords/2011/04/pointValuesMesH24.ndjson.gz#pointValuesMesH24:30538:2011-04-01
2011-04-08,mazar,caudal_m3s,182.406,ords:pointValues,30538,2026-09-22T13:54:51Z,celec_ords/2011/04/pointValuesMesH24.ndjson.gz#pointValuesMesH24:30538:2011-04-01
2011-04-09,mazar,caudal_m3s,163.695,ords:pointValues,30538,2026-09-22T13:54:51Z,celec_ords/2011/04/pointValuesMesH24.ndjson.gz#pointValuesMesH24:30538:2011-04-01
2011-04-10,mazar,caudal_m3s,339.874,ords:pointValues,30538,2026-09-22T13:54:51Z,celec_ords/2011/04/pointValuesMesH24.ndjson.gz#pointValuesMesH24:30538:2011-04-01
2011-04-11,mazar,caudal_m3s,149.435,ords:pointValues,30538,2026-09-22T13:54:51Z,celec_ords/2011/04/pointValuesMesH24.ndjson.gz#pointValuesMesH24:30538:2011-04-01
2011-04-12,mazar,caudal_m3s,116.15,ords:pointValues,30538,2026-09-22T13:54:51Z,celec_ords/2011/04/pointValuesMesH24.ndjson.gz#pointValuesMesH24:30538:2011-04-01
2011-04-13,mazar,caudal_m3s,150.11,ords:pointValues,30538,2026-09-22T13:54:51Z,celec_ords/2011/04/pointValuesMesH24.ndjson.gz#pointValuesMesH24:30538:2011-04-01
2011-04-14,mazar,caudal_m3s,157.243,ords:pointValues,30538,2026-09-22T13:54:51Z,celec_ords/2011/04/pointValuesMesH24.ndjson.gz#pointValuesMesH24:30538:2011-04-01
2011-04-15,mazar,caudal_m3s,109.468,ords:pointValues,30538,2026-09-22T13:54:51Z,celec_ords/2011/04/pointValuesMesH24.ndjson.gz#pointValuesMesH24:30538:2011-04-01
2011-04-16,mazar,caudal_m3s,130.503,ords:pointValues,30538,2026-09-22T13:54:51Z,celec_ords/2011/04/pointValuesMesH24.ndjson.gz#pointValuesMesH24:30538:2011-04-01
2011-04-17,mazar,caudal_m3s,123.772,ords:pointValues,30538,2026-09-22T13:54:51Z,celec_ords/2011/04/pointValuesMesH24.ndjson.gz#pointValuesMesH24:30538:2011-04-01
2011-04-18,mazar,caudal_m3s,158.43,ords:pointValues,30538,2026-09-22T13:54:51Z,celec_ords/2011/04/pointValuesMesH24.ndjson.gz#pointValuesMesH24:30538:2011-04-01
2011-04-19,mazar,caudal_m3s,180.135,ords:pointValues,30538,2026-09-22T13:54:51Z,celec_ords/2011/04/pointValuesMesH24.ndjson.gz#pointValuesMesH24:30538:2011-04-01
2011-04-20,mazar,caudal_m3s,211.07,ords:pointValues,30538,2026-09-22T13:54:51Z,celec_ords/2011/04/pointValuesMesH24.ndjson.gz#pointValuesMesH24:30538:2011-04-01
2011-04-21,mazar,caudal_m3s,124.431,ords:pointValues,30538,2026-09-22T13:54:51Z,celec_ords/2011/04/pointValuesMesH24.ndjson.gz#pointValuesMesH24:30538:2011-04-01
2011-04-22,mazar,caudal_m3s,305.938,ords:pointValues,30538,2026-09-22T13:54:51Z,celec_ords/2011/04/pointValuesMesH24.ndjson.gz#pointValuesMesH24:30538:2011-04-01
2011-04-23,mazar,caudal_m3s,118.377,ords:pointValues,30538,2026-09-22T13:54:51Z,celec_ords/2011/04/pointValuesMesH24.ndjson.gz#pointValuesMesH24:30538:2011-04-01
2011-04-24,mazar,caudal_m3s,102.992,ords:pointValues,30538,2026-09-22T13:54:51Z,celec_ords/2011/04/pointValuesMesH24.ndjson.gz#pointValuesMesH24:30538:2011-04-01
2011-04-25,mazar,caudal_m3s,147.9,ords:pointValues,30538,2026-09-22T13:54:51Z,celec_ords/2011/04/pointValuesMesH24.ndjson.gz#pointValuesMesH24:30538:2011-04-01
2011-04-26,mazar,caudal_m3s,120.921,ords:pointValues,30538,2026-09-22T13:54:51Z,celec_ords/2011/04/pointValuesMesH24.ndjson.gz#pointValuesMesH24:30538:2011-04-01
2011-04-27,mazar,caudal_m3s,111.37,ords:pointValues,30538,2026-09-22T13:54:51Z,celec_ords/2011/04/pointValuesMesH24.ndjson.gz#pointValuesMesH24:30538:2011-04-01
2011-04-28,mazar,caudal_m3s,118.177,ords:pointValues,30538,2026-09-22T13:54:51Z,celec_ords/2011/04/pointValuesMesH24.ndjson.gz#pointValuesMesH24:30538:2011-04-01
2011-04-29,mazar,caudal_m3s,95.147,ords:pointValues,30538,2026-09-22T13:54:51Z,celec_ords/2011/04/pointValuesMesH24.ndjson.gz#pointValuesMesH24:30538:2011-04-01
2011-04-30,mazar,caudal_m3s,170.657,ords:pointValues,30538,2026-09-22T13:54:51Z,celec_ords/2011/04/pointValuesMesH24.ndjson.gz#pointValuesMesH24:30538:2011-04-01
2011-05-01,mazar,caudal_m3s,57.687,ords:pointValues,30538,2026-09-22T13:54:49Z,celec_ords/2011/05/pointValuesMesH24.ndjson.gz#pointValuesMesH24:30538:2011-05-01
2011-05-02,mazar,caudal_m3s,80.398,ords:pointValues,30538,2026-09-22T13:54:49Z,celec_ords/2011/05/pointValuesMesH24.ndjson.gz#pointValuesMesH24:30538:2011-05-01
2011-05-03,mazar,caudal_m3s,224.488,ords:pointValues,30538,2026-09-22T13:54:49Z,celec_ords/2011/05/pointValuesMesH24.ndjson.gz#pointValuesMesH24:30538:2011-05-01
2011-05-04,mazar,caudal_m3s,87.785,ords:pointValues,30538,2026-09-22T13:54:49Z,celec_ords/2011/05/pointValuesMesH24.ndjson.gz#pointValuesMesH24:30538:2011-05-01
2011-05-05,mazar,caudal_m3s,79.709,ords:pointValues,30538,2026-09-22T13:54:49Z,celec_ords/2011/05/pointValuesMesH24.ndjson.gz#pointValuesMesH24:30538:2011-05-01
2011-05-06,mazar,caudal_m3s,74.003,ords:pointValues,30538,2026-09-22T13:54:49Z,celec_ords/2011/05/pointValuesMesH24.ndjson.gz#pointValuesMesH24:30538:2011-05-01
2011-05-07,mazar,caudal_m3s,204.981,ords:pointValues,30538,2026-09-22T13:54:49Z,celec_ords/2011/05/pointValuesMesH24.ndjson.gz#pointValuesMesH24:30538:2011-05-01
2011-05-08,mazar,caudal_m3s,228.089,ords:pointValues,30538,2026-09-22T13:54:49Z,celec_ords/2011/05/pointValuesMesH24.ndjson.gz#pointValuesMesH24:30538:2011-05-01
2011-05-09,mazar,caudal_m3s,254.502,ords:pointValues,30538,2026-09-22T13:54:49Z,celec_ords/2011/05/pointValuesMesH24.ndjson.gz#pointValuesMesH24:30538:2011-05-01
2011-05-10,mazar,caudal_m3s,232.252,ords:pointValues,30538,2026-09-22T13:54:49Z,celec_ords/2011/05/pointValuesMesH24.ndjson.gz#pointValuesMesH24:30538:2011-05-01
2011-05-11,mazar,caudal_m3s,139.501,ords:pointValues,30538,2026-09-22T13:54:49Z,celec_ords/2011/05/pointValuesMesH24.ndjson.gz#pointValuesMesH24:30538:2011-05-01
2011-05-12,mazar,caudal_m3s,96.113,ords:pointValues,30538,2026-09-22T13:54:49Z,celec_ords/2011/05/pointValuesMesH24.ndjson.gz#pointValuesMesH24:30538:2011-05-01
2011-05-13,mazar,caudal_m3s,119.617,ords:pointValues,30538,2026-09-22T13:54:49Z,celec_ords/2011/05/pointValuesMesH24.ndjson.gz#pointValuesMesH24:30538:2011-05-01
2011-05-14,mazar,caudal_m3s,125.321,ords:pointValues,30538,2026-09-22T13:54:49Z,celec_ords/2011/05/pointValuesMesH24.ndjson.gz#pointValuesMesH24:30538:2011-05-01
2011-05-15,mazar,caudal_m3s,83.839,ords:pointValues,30538,2026-09-22T13:54:49Z,celec_ords/2011/05/pointValuesMesH24.ndjson.gz#pointValuesMesH24:30538:2011-05-01
2011-05-16,mazar,caudal_m3s,84.788,ords:pointValues,30538,2026-09-22T13:54:49Z,celec_ords/2011/05/pointValuesMesH24.ndjson.gz#pointValuesMesH24:30538:2011-05-01
2011-05-17,mazar,caudal_m3s,62.653,ords:pointValues,30538,2026-09-22T13:54:49Z,celec_ords/2011/05/pointValuesMesH24.ndjson.gz#pointValuesMesH24:30538:2011-05-01
2011-05-18,mazar,caudal_m3s,65.478,ords:pointValues,30538,2026-09-22T13:54:49Z,celec_ords/2011/05/pointValuesMesH24.ndjson.gz#pointValuesMesH24:30538:2011-05-01
2011-05-19,mazar,caudal_m3s,50.166,ords:pointValues,30538,2026-09-22T13:54:49Z,celec_ords/2011/05/pointValuesMesH24.ndjson.gz#pointValuesMesH24:30538:2011-05-01
2011-05-20,mazar,caudal_m3s,45.493,ords:pointValues,30538,2026-09-22T13:54:49Z,celec_ords/2011/05/pointValuesMesH24.ndjson.gz#pointValuesMesH24:30538:2011-05-01
2011-05-21,mazar,caudal_m3s,38.01,ords:pointValues,30538,2026-09-22T13:54:49Z,celec_ords/2011/05/pointValuesMesH24.ndjson.gz#pointValuesMesH24:30538:2011-05-01
2011-05-22,mazar,caudal_m3s,58.335,ords:pointValues,30538,2026-09-22T13:54:49Z,celec_ords/2011/05/pointValuesMesH24.ndjson.gz#pointValuesMesH24:30538:2011-05-01
2011-05-23,mazar,caudal_m3s,56.427,ords:pointValues,30538,2026-09-22T13:54:49Z,celec_ords/2011/05/pointValuesMesH24.ndjson.gz#pointValuesMesH24:30538:2011-05-01
2011-05-24,mazar,caudal_m3s,29.443,ords:pointValues,30538,2026-09-22T13:54:49Z,celec_ords/2011/05/pointValuesMesH24.ndjson.gz#pointValuesMesH24:30538:2011-05-01
2011-05-25,mazar,caudal_m3s,52.751,ords:pointValues,30538,2026-09-22T13:54:49Z,celec_ords/2011/05/pointValuesMesH24.ndjson.gz#pointValuesMesH24:30538:2011-05-01
2011-05-26,mazar,caudal_m3s,130.444,ords:pointValues,30538,2026-09-22T13:54:49Z,celec_ords/2011/05/pointValuesMesH24.ndjson.gz#pointValuesMesH24:30538:2011-05-01
2011-05-27,mazar,caudal_m3s,244.992,ords:pointValues,30538,2026-09-22T13:54:49Z,celec_ords/2011/05/pointValuesMesH24.ndjson.gz#pointValuesMesH24:30538:2011-05-01
2011-05-28,mazar,caudal_m3s,489.187,ords:pointValues,30538,2026-09-22T13:54:49Z,celec_ords/2011/05/pointValuesMesH24.ndjson.gz#pointValuesMesH24:30538:2011-05-01
2011-05-29,mazar,caudal_m3s,510.542,ords:pointValues,30538,2026-09-22T13:54:49Z,celec_ords/2011/05/pointValuesMesH24.ndjson.gz#pointValuesMesH24:30538:2011-05-01
2011-05-30,mazar,caudal_m3s,455.754,ords:pointValues,30538,2026-09-22T13:54:49Z,celec_ords/2011/05/pointValuesMesH24.ndjson.gz#pointValuesMesH24:30538:2011-05-01
2011-05-31,mazar,caudal_m3s,276.729,ords:pointValues,30538,2026-09-22T13:54:49Z,celec_ords/2011/05/pointValuesMesH24.ndjson.gz#pointValuesMesH24:30538:2011-05-01
2011-06-01,mazar,caudal_m3s,188.88,ords:pointValues,30538,2026-09-22T13:54:48Z,celec_ords/2011/06/pointValuesMesH24.ndjson.gz#pointValuesMesH24:30538:2011-06-01
2011-06-02,mazar,caudal_m3s,185.866,ords:pointValues,30538,2026-09-22T13:54:48Z,celec_ords/2011/06/pointValuesMesH24.ndjson.gz#pointValuesMesH24:30538:2011-06-01
2011-06-03,mazar,caudal_m3s,125.922,ords:pointValues,30538,2026-09-22T13:54:48Z,celec_ords/2011/06/pointValuesMesH24.ndjson.gz#pointValuesMesH24:30538:2011-06-01
2011-06-04,mazar,caudal_m3s,139.943,ords:pointValues,30538,2026-09-22T13:54:48Z,celec_ords/2011/06/pointValuesMesH24.ndjson.gz#pointValuesMesH24:30538:2011-06-01
2011-06-05,mazar,caudal_m3s,89.9,ords:pointValues,30538,2026-09-22T13:54:48Z,celec_ords/2011/06/pointValuesMesH24.ndjson.gz#pointValuesMesH24:30538:2011-06-01
2011-06-06,mazar,caudal_m3s,111.848,ords:pointValues,30538,2026-09-22T13:54:48Z,celec_ords/2011/06/pointValuesMesH24.ndjson.gz#pointValuesMesH24:30538:2011-06-01
2011-06-07,mazar,caudal_m3s,66.863,ords:pointValues,30538,2026-09-22T13:54:48Z,celec_ords/2011/06/pointValuesMesH24.ndjson.gz#pointValuesMesH24:30538:2011-06-01
2011-06-08,mazar,caudal_m3s,59.455,ords:pointValues,30538,2026-09-22T13:54:48Z,celec_ords/2011/06/pointValuesMesH24.ndjson.gz#pointValuesMesH24:30538:2011-06-01
2011-06-09,mazar,caudal_m3s,104.759,ords:pointValues,30538,2026-09-22T13:54:48Z,celec_ords/2011/06/pointValuesMesH24.ndjson.gz#pointValuesMesH24:30538:2011-06-01
2011-06-10,mazar,caudal_m3s,73.483,ords:pointValues,30538,2026-09-22T13:54:48Z,celec_ords/2011/06/pointValuesMesH24.ndjson.gz#pointValuesMesH24:30538:2011-06-01
2011-06-11,mazar,caudal_m3s,130.233,ords:pointValues,30538,2026-09-22T13:54:48Z,celec_ords/2011/06/pointValuesMesH24.ndjson.gz#pointValuesMesH24:30538:2011-06-01
2011-06-12,mazar,caudal_m3s,75.086,ords:pointValues,30538,2026-09-22T13:54:48Z,celec_ords/2011/06/pointValuesMesH24.ndjson.gz#pointValuesMesH24:30538:2011-06-01
2011-06-13,mazar,caudal_m3s,72.201,ords:pointValues,30538,2026-09-22T13:54:48Z,celec_ords/2011/06/pointValuesMesH24.ndjson.gz#pointValuesMesH24:30538:2011-06-01
2011-06-14,mazar,caudal_m3s,251.956,ords:pointValues,30538,2026-09-22T13:54:48Z,celec_ords/2011/06/pointValuesMesH24.ndjson.gz#pointValuesMesH24:30538:2011-06-01
2011-06-15,mazar,caudal_m3s,139.989,ords:pointValues,30538,2026-09-22T13:54:48Z,celec_ords/2011/06/pointValuesMesH24.ndjson.gz#pointValuesMesH24:30538:2011-06-01
2011-06-16,mazar,caudal_m3s,104.135,ords:pointValues,30538,2026-09-22T13:54:48Z,celec_ords/2011/06/pointValuesMesH24.ndjson.gz#pointValuesMesH24:30538:2011-06-01
2011-06-17,mazar,caudal_m3s,119.74,ords:pointValues,30538,2026-09-22T13:54:48Z,celec_ords/2011/06/pointValuesMesH24.ndjson.gz#pointValuesMesH24:30538:2011-06-01
2011-06-18,mazar,caudal_m3s,73.649,ords:pointValues,30538,2026-09-22T13:54:48Z,celec_ords/2011/06/pointValuesMesH24.ndjson.gz#pointValuesMesH24:30538:2011-06-01
2011-06-19,mazar,caudal_m3s,79.395,ords:pointValues,30538,2026-09-22T13:54:48Z,celec_ords/2011/06/pointValuesMesH24.ndjson.gz#pointValuesMesH24:30538:2011-06-01
2011-06-20,mazar,caudal_m3s,85.794,ords:pointValues,30538,2026-09-22T13:54:48Z,celec_ords/2011/06/pointValuesMesH24.ndjson.gz#pointValuesMesH24:30538:2011-06-01
2011-06-21,mazar,caudal_m3s,60.463,ords:pointValues,30538,2026-09-22T13:54:48Z,celec_ords/2011/06/pointValuesMesH24.ndjson.gz#pointValuesMesH24:30538:2011-06-01
2011-06-22,mazar,caudal_m3s,68.912,ords:pointValues,30538,2026-09-22T13:54:48Z,celec_ords/2011/06/pointValuesMesH24.ndjson.gz#pointValuesMesH24:30538:2011-06-01
2011-06-23,mazar,caudal_m3s,160.547,ords:pointValues,30538,2026-09-22T13:54:48Z,celec_ords/2011/06/pointValuesMesH24.ndjson.gz#pointValuesMesH24:30538:2011-06-01
2011-06-24,mazar,caudal_m3s,175.762,ords:pointValues,30538,2026-09-22T13:54:48Z,celec_ords/2011/06/pointValuesMesH24.ndjson.gz#pointValuesMesH24:30538:2011-06-01
2011-06-25,mazar,caudal_m3s,113.045,ords:pointValues,30538,2026-09-22T13:54:48Z,celec_ords/2011/06/pointValuesMesH24.ndjson.gz#pointValuesMesH24:30538:2011-06-01
2011-06-26,mazar,caudal_m3s,502.14,ords:pointValues,30538,2026-09-22T13:54:48Z,celec_ords/2011/06/pointValuesMesH24.ndjson.gz#pointValuesMesH24:30538:2011-06-01
2011-06-27,mazar,caudal_m3s,164.584,ords:pointValues,30538,2026-09-22T13:54:48Z,celec_ords/2011/06/pointValuesMesH24.ndjson.gz#pointValuesMesH24:30538:2011-06-01
2011-06-28,mazar,caudal_m3s,114.412,ords:pointValues,30538,2026-09-22T13:54:48Z,celec_ords/2011/06/pointValuesMesH24.ndjson.gz#pointValuesMesH24:30538:2011-06-01
2011-06-29,mazar,caudal_m3s,83.952,ords:pointValues,30538,2026-09-22T13:54:48Z,celec_ords/2011/06/pointValuesMesH24.ndjson.gz#pointValuesMesH24:30538:2011-06-01
2011-06-30,mazar,caudal_m3s,137.217,ords:pointValues,30538,2026-09-22T13:54:48Z,celec_ords/2011/06/pointValuesMesH24.ndjson.gz#pointValuesMesH24:30538:2011-06-01
2011-07-01,mazar,caudal_m3s,108.722,ords:pointValues,30538,2026-09-22T13:54:47Z,celec_ords/2011/07/pointValuesMesH24.ndjson.gz#pointValuesMesH24:30538:2011-07-01
2011-07-02,mazar,caudal_m3s,107.668,ords:pointValues,30538,2026-09-22T13:54:47Z,celec_ords/2011/07/pointValuesMesH24.ndjson.gz#pointValuesMesH24:30538:2011-07-01
2011-07-03,mazar,caudal_m3s,118.577,ords:pointValues,30538,2026-09-22T13:54:47Z,celec_ords/2011/07/pointValuesMesH24.ndjson.gz#pointValuesMesH24:30538:2011-07-01
2011-07-04,mazar,caudal_m3s,468.964,ords:pointValues,30538,2026-09-22T13:54:47Z,celec_ords/2011/07/pointValuesMesH24.ndjson.gz#pointValuesMesH24:30538:2011-07-01
2011-07-05,mazar,caudal_m3s,482.105,ords:pointValues,30538,2026-09-22T13:54:47Z,celec_ords/2011/07/pointValuesMesH24.ndjson.gz#pointValuesMesH24:30538:2011-07-01
2011-07-06,mazar,caudal_m3s,399.647,ords:pointValues,30538,2026-09-22T13:54:47Z,celec_ords/2011/07/pointValuesMesH24.ndjson.gz#pointValuesMesH24:30538:2011-07-01
2011-07-07,mazar,caudal_m3s,188.582,ords:pointValues,30538,2026-09-22T13:54:47Z,celec_ords/2011/07/pointValuesMesH24.ndjson.gz#pointValuesMesH24:30538:2011-07-01
2011-07-08,mazar,caudal_m3s,176.801,ords:pointValues,30538,2026-09-22T13:54:47Z,celec_ords/2011/07/pointValuesMesH24.ndjson.gz#pointValuesMesH24:30538:2011-07-01
2011-07-09,mazar,caudal_m3s,272.524,ords:pointValues,30538,2026-09-22T13:54:47Z,celec_ords/2011/07/pointValuesMesH24.ndjson.gz#pointValuesMesH24:30538:2011-07-01
2011-07-10,mazar,caudal_m3s,395.851,ords:pointValues,30538,2026-09-22T13:54:47Z,celec_ords/2011/07/pointValuesMesH24.ndjson.gz#pointValuesMesH24:30538:2011-07-01
2011-07-11,mazar,caudal_m3s,678.775,ords:pointValues,30538,2026-09-22T13:54:47Z,celec_ords/2011/07/pointValuesMesH24.ndjson.gz#pointValuesMesH24:30538:2011-07-01
2011-07-12,mazar,caudal_m3s,488.878,ords:pointValues,30538,2026-09-22T13:54:47Z,celec_ords/2011/07/pointValuesMesH24.ndjson.gz#pointValuesMesH24:30538:2011-07-01
2011-07-13,mazar,caudal_m3s,420.251,ords:pointValues,30538,2026-09-22T13:54:47Z,celec_ords/2011/07/pointValuesMesH24.ndjson.gz#pointValuesMesH24:30538:2011-07-01
2011-07-14,mazar,caudal_m3s,223.087,ords:pointValues,30538,2026-09-22T13:54:47Z,celec_ords/2011/07/pointValuesMesH24.ndjson.gz#pointValuesMesH24:30538:2011-07-01
2011-07-15,mazar,caudal_m3s,187.118,ords:pointValues,30538,2026-09-22T13:54:47Z,celec_ords/2011/07/pointValuesMesH24.ndjson.gz#pointValuesMesH24:30538:2011-07-01
2011-07-16,mazar,caudal_m3s,152.968,ords:pointValues,30538,2026-09-22T13:54:47Z,celec_ords/2011/07/pointValuesMesH24.ndjson.gz#pointValuesMesH24:30538:2011-07-01
2011-07-17,mazar,caudal_m3s,153.516,ords:pointValues,30538,2026-09-22T13:54:47Z,celec_ords/2011/07/pointValuesMesH24.ndjson.gz#pointValuesMesH24:30538:2011-07-01
2011-07-18,mazar,caudal_m3s,123.654,ords:pointValues,30538,2026-09-22T13:54:47Z,celec_ords/2011/07/pointValuesMesH24.ndjson.gz#pointValuesMesH24:30538:2011-07-01
2011-07-19,mazar,caudal_m3s,107.418,ords:pointValues,30538,2026-09-22T13:54:47Z,celec_ords/2011/07/pointValuesMesH24.ndjson.gz#pointValuesMesH24:30538:2011-07-01
2011-07-20,mazar,caudal_m3s,100.463,ords:pointValues,30538,2026-09-22T13:54:47Z,celec_ords/2011/07/pointValuesMesH24.ndjson.gz#pointValuesMesH24:30538:2011-07-01
2011-07-21,mazar,caudal_m3s,86.114,ords:pointValues,30538,2026-09-22T13:54:47Z,celec_ords/2011/07/pointValuesMesH24.ndjson.gz#pointValuesMesH24:30538:2011-07-01
2011-07-22,mazar,caudal_m3s,203.634,ords:pointValues,30538,2026-09-22T13:54:47Z,celec_ords/2011/07/pointValuesMesH24.ndjson.gz#pointValuesMesH24:30538:2011-07-01
2011-07-23,mazar,caudal_m3s,304.265,ords:pointValues,30538,2026-09-22T13:54:47Z,celec_ords/2011/07/pointValuesMesH24.ndjson.gz#pointValuesMesH24:30538:2011-07-01
2011-07-24,mazar,caudal_m3s,512.242,ords:pointValues,30538,2026-09-22T13:54:47Z,celec_ords/2011/07/pointValuesMesH24.ndjson.gz#pointValuesMesH24:30538:2011-07-01
2011-07-25,mazar,caudal_m3s,236.744,ords:pointValues,30538,2026-09-22T13:54:47Z,celec_ords/2011/07/pointValuesMesH24.ndjson.gz#pointValuesMesH24:30538:2011-07-01
2011-07-26,mazar,caudal_m3s,139.931,ords:pointValues,30538,2026-09-22T13:54:47Z,celec_ords/2011/07/pointValuesMesH24.ndjson.gz#pointValuesMesH24:30538:2011-07-01
2011-07-27,mazar,caudal_m3s,324.372,ords:pointValues,30538,2026-09-22T13:54:47Z,celec_ords/2011/07/pointValuesMesH24.ndjson.gz#pointValuesMesH24:30538:2011-07-01
2011-07-28,mazar,caudal_m3s,277.445,ords:pointValues,30538,2026-09-22T13:54:47Z,celec_ords/2011/07/pointValuesMesH24.ndjson.gz#pointValuesMesH24:30538:2011-07-01
2011-07-29,mazar,caudal_m3s,154.156,ords:pointValues,30538,2026-09-22T13:54:47Z,celec_ords/2011/07/pointValuesMesH24.ndjson.gz#pointValuesMesH24:30538:2011-07-01
2011-07-30,mazar,caudal_m3s,149.629,ords:pointValues,30538,2026-09-22T13:54:47Z,celec_ords/2011/07/pointValuesMesH24.ndjson.gz#pointValuesMesH24:30538:2011-07-01
2011-07-31,mazar,caudal_m3s,96.451,ords:pointValues,30538,2026-09-22T13:54:47Z,celec_ords/2011/07/pointValuesMesH24.ndjson.gz#pointValuesMesH24:30538:2011-07-01
2011-08-01,mazar,caudal_m3s,84.345,ords:pointValues,30538,2026-09-22T13:54:46Z,celec_ords/2011/08/pointValuesMesH24.ndjson.gz#pointValuesMesH24:30538:2011-08-01
2011-08-02,mazar,caudal_m3s,101.468,ords:pointValues,30538,2026-09-22T13:54:46Z,celec_ords/2011/08/pointValuesMesH24.ndjson.gz#pointValuesMesH24:30538:2011-08-01
2011-08-03,mazar,caudal_m3s,84.907,ords:pointValues,30538,2026-09-22T13:54:46Z,celec_ords/2011/08/pointValuesMesH24.ndjson.gz#pointValuesMesH24:30538:2011-08-01
2011-08-04,mazar,caudal_m3s,105.062,ords:pointValues,30538,2026-09-22T13:54:46Z,celec_ords/2011/08/pointValuesMesH24.ndjson.gz#pointValuesMesH24:30538:2011-08-01
2011-08-05,mazar,caudal_m3s,106.914,ords:pointValues,30538,2026-09-22T13:54:46Z,celec_ords/2011/08/pointValuesMesH24.ndjson.gz#pointValuesMesH24:30538:2011-08-01
2011-08-06,mazar,caudal_m3s,84.893,ords:pointValues,30538,2026-09-22T13:54:46Z,celec_ords/2011/08/pointValuesMesH24.ndjson.gz#pointValuesMesH24:30538:2011-08-01
2011-08-07,mazar,caudal_m3s,54.161,ords:pointValues,30538,2026-09-22T13:54:46Z,celec_ords/2011/08/pointValuesMesH24.ndjson.gz#pointValuesMesH24:30538:2011-08-01
2011-08-08,mazar,caudal_m3s,64.662,ords:pointValues,30538,2026-09-22T13:54:46Z,celec_ords/2011/08/pointValuesMesH24.ndjson.gz#pointValuesMesH24:30538:2011-08-01
2011-08-09,mazar,caudal_m3s,88.284,ords:pointValues,30538,2026-09-22T13:54:46Z,celec_ords/2011/08/pointValuesMesH24.ndjson.gz#pointValuesMesH24:30538:2011-08-01
2011-08-10,mazar,caudal_m3s,110.232,ords:pointValues,30538,2026-09-22T13:54:46Z,celec_ords/2011/08/pointValuesMesH24.ndjson.gz#pointValuesMesH24:30538:2011-08-01
2011-08-11,mazar,caudal_m3s,87.126,ords:pointValues,30538,2026-09-22T13:54:46Z,celec_ords/2011/08/pointValuesMesH24.ndjson.gz#pointValuesMesH24:30538:2011-08-01
2011-08-12,mazar,caudal_m3s,70.374,ords:pointValues,30538,2026-09-22T13:54:46Z,celec_ords/2011/08/pointValuesMesH24.ndjson.gz#pointValuesMesH24:30538:2011-08-01
2011-08-13,mazar,caudal_m3s,78.137,ords:pointValues,30538,2026-09-22T13:54:46Z,celec_ords/2011/08/pointValuesMesH24.ndjson.gz#pointValuesMesH24:30538:2011-08-01
2011-08-14,mazar,caudal_m3s,68.403,ords:pointValues,30538,2026-09-22T13:54:46Z,celec_ords/2011/08/pointValuesMesH24.ndjson.gz#pointValuesMesH24:30538:2011-08-01
2011-08-15,mazar,caudal_m3s,41.98,ords:pointValues,30538,2026-09-22T13:54:46Z,celec_ords/2011/08/pointValuesMesH24.ndjson.gz#pointValuesMesH24:30538:2011-08-01
2011-08-16,mazar,caudal_m3s,59.999,ords:pointValues,30538,2026-09-22T13:54:46Z,celec_ords/2011/08/pointValuesMesH24.ndjson.gz#pointValuesMesH24:30538:2011-08-01
2011-08-17,mazar,caudal_m3s,42.36,ords:pointValues,30538,2026-09-22T13:54:46Z,celec_ords/2011/08/pointValuesMesH24.ndjson.gz#pointValuesMesH24:30538:2011-08-01
2011-08-18,mazar,caudal_m3s,37.889,ords:pointValues,30538,2026-09-22T13:54:46Z,celec_ords/2011/08/pointValuesMesH24.ndjson.gz#pointValuesMesH24:30538:2011-08-01
2011-08-19,mazar,caudal_m3s,46.11,ords:pointValues,30538,2026-09-22T13:54:46Z,celec_ords/2011/08/pointValuesMesH24.ndjson.gz#pointValuesMesH24:30538:2011-08-01
2011-08-20,mazar,caudal_m3s,40.911,ords:pointValues,30538,2026-09-22T13:54:46Z,celec_ords/2011/08/pointValuesMesH24.ndjson.gz#pointValuesMesH24:30538:2011-08-01
2011-08-21,mazar,caudal_m3s,25.073,ords:pointValues,30538,2026-09-22T13:54:46Z,celec_ords/2011/08/pointValuesMesH24.ndjson.gz#pointValuesMesH24:30538:2011-08-01
2011-08-22,mazar,caudal_m3s,59.297,ords:pointValues,30538,2026-09-22T13:54:46Z,celec_ords/2011/08/pointValuesMesH24.ndjson.gz#pointValuesMesH24:30538:2011-08-01
2011-08-23,mazar,caudal_m3s,46.453,ords:pointValues,30538,2026-09-22T13:54:46Z,celec_ords/2011/08/pointValuesMesH24.ndjson.gz#pointValuesMesH24:30538:2011-08-01
2011-08-24,mazar,caudal_m3s,27.686,ords:pointValues,30538,2026-09-22T13:54:46Z,celec_ords/2011/08/pointValuesMesH24.ndjson.gz#pointValuesMesH24:30538:2011-08-01
2011-08-25,mazar,caudal_m3s,35.79,ords:pointValues,30538,2026-09-22T13:54:46Z,celec_ords/2011/08/pointValuesMesH24.ndjson.gz#pointValuesMesH24:30538:2011-08-01
2011-08-26,mazar,caudal_m3s,42.965,ords:pointValues,30538,2026-09-22T13:54:46Z,celec_ords/2011/08/pointValuesMesH24.ndjson.gz#pointValuesMesH24:30538:2011-08-01
2011-08-27,mazar,caudal_m3s,85.895,ords:pointValues,30538,2026-09-22T13:54:46Z,celec_ords/2011/08/pointValuesMesH24.ndjson.gz#pointValuesMesH24:30538:2011-08-01
2011-08-28,mazar,caudal_m3s,60.136,ords:pointValues,30538,2026-09-22T13:54:46Z,celec_ords/2011/08/pointValuesMesH24.ndjson.gz#pointValuesMesH24:30538:2011-08-01
2011-08-29,mazar,caudal_m3s,210.247,ords:pointValues,30538,2026-09-22T13:54:46Z,celec_ords/2011/08/pointValuesMesH24.ndjson.gz#pointValuesMesH24:30538:2011-08-01
2011-08-30,mazar,caudal_m3s,86.985,ords:pointValues,30538,2026-09-22T13:54:46Z,celec_ords/2011/08/pointValuesMesH24.ndjson.gz#pointValuesMesH24:30538:2011-08-01
2011-08-31,mazar,caudal_m3s,118.96,ords:pointValues,30538,2026-09-22T13:54:46Z,celec_ords/2011/08/pointValuesMesH24.ndjson.gz#pointValuesMesH24:30538:2011-08-01
2011-09-01,mazar,caudal_m3s,316.823,ords:pointValues,30538,2026-09-22T13:54:45Z,celec_ords/2011/09/pointValuesMesH24.ndjson.gz#pointValuesMesH24:30538:2011-09-01
2011-09-02,mazar,caudal_m3s,289.185,ords:pointValues,30538,2026-09-22T13:54:45Z,celec_ords/2011/09/pointValuesMesH24.ndjson.gz#pointValuesMesH24:30538:2011-09-01
2011-09-03,mazar,caudal_m3s,105.342,ords:pointValues,30538,2026-09-22T13:54:45Z,celec_ords/2011/09/pointValuesMesH24.ndjson.gz#pointValuesMesH24:30538:2011-09-01
2011-09-04,mazar,caudal_m3s,105.616,ords:pointValues,30538,2026-09-22T13:54:45Z,celec_ords/2011/09/pointValuesMesH24.ndjson.gz#pointValuesMesH24:30538:2011-09-01
2011-09-05,mazar,caudal_m3s,95.868,ords:pointValues,30538,2026-09-22T13:54:45Z,celec_ords/2011/09/pointValuesMesH24.ndjson.gz#pointValuesMesH24:30538:2011-09-01
2011-09-06,mazar,caudal_m3s,138.248,ords:pointValues,30538,2026-09-22T13:54:45Z,celec_ords/2011/09/pointValuesMesH24.ndjson.gz#pointValuesMesH24:30538:2011-09-01
2011-09-07,mazar,caudal_m3s,84.851,ords:pointValues,30538,2026-09-22T13:54:45Z,celec_ords/2011/09/pointValuesMesH24.ndjson.gz#pointValuesMesH24:30538:2011-09-01
2011-09-08,mazar,caudal_m3s,74.53,ords:pointValues,30538,2026-09-22T13:54:45Z,celec_ords/2011/09/pointValuesMesH24.ndjson.gz#pointValuesMesH24:30538:2011-09-01
2011-09-09,mazar,caudal_m3s,77.261,ords:pointValues,30538,2026-09-22T13:54:45Z,celec_ords/2011/09/pointValuesMesH24.ndjson.gz#pointValuesMesH24:30538:2011-09-01
2011-09-10,mazar,caudal_m3s,62.159,ords:pointValues,30538,2026-09-22T13:54:45Z,celec_ords/2011/09/pointValuesMesH24.ndjson.gz#pointValuesMesH24:30538:2011-09-01
2011-09-11,mazar,caudal_m3s,72.033,ords:pointValues,30538,2026-09-22T13:54:45Z,celec_ords/2011/09/pointValuesMesH24.ndjson.gz#pointValuesMesH24:30538:2011-09-01
2011-09-12,mazar,caudal_m3s,76.806,ords:pointValues,30538,2026-09-22T13:54:45Z,celec_ords/2011/09/pointValuesMesH24.ndjson.gz#pointValuesMesH24:30538:2011-09-01
2011-09-13,mazar,caudal_m3s,66.948,ords:pointValues,30538,2026-09-22T13:54:45Z,celec_ords/2011/09/pointValuesMesH24.ndjson.gz#pointValuesMesH24:30538:2011-09-01
2011-09-14,mazar,caudal_m3s,65.935,ords:pointValues,30538,2026-09-22T13:54:45Z,celec_ords/2011/09/pointValuesMesH24.ndjson.gz#pointValuesMesH24:30538:2011-09-01
2011-09-15,mazar,caudal_m3s,40.777,ords:pointValues,30538,2026-09-22T13:54:45Z,celec_ords/2011/09/pointValuesMesH24.ndjson.gz#pointValuesMesH24:30538:2011-09-01
2011-09-16,mazar,caudal_m3s,53.675,ords:pointValues,30538,2026-09-22T13:54:45Z,celec_ords/2011/09/pointValuesMesH24.ndjson.gz#pointValuesMesH24:30538:2011-09-01
2011-09-17,mazar,caudal_m3s,85.529,ords:pointValues,30538,2026-09-22T13:54:45Z,celec_ords/2011/09/pointValuesMesH24.ndjson.gz#pointValuesMesH24:30538:2011-09-01
2011-09-18,mazar,caudal_m3s,88.146,ords:pointValues,30538,2026-09-22T13:54:45Z,celec_ords/2011/09/pointValuesMesH24.ndjson.gz#pointValuesMesH24:30538:2011-09-01
2011-09-19,mazar,caudal_m3s,90.02,ords:pointValues,30538,2026-09-22T13:54:45Z,celec_ords/2011/09/pointValuesMesH24.ndjson.gz#pointValuesMesH24:30538:2011-09-01
2011-09-20,mazar,caudal_m3s,77.297,ords:pointValues,30538,2026-09-22T13:54:45Z,celec_ords/2011/09/pointValuesMesH24.ndjson.gz#pointValuesMesH24:30538:2011-09-01
2011-09-21,mazar,caudal_m3s,65.354,ords:pointValues,30538,2026-09-22T13:54:45Z,celec_ords/2011/09/pointValuesMesH24.ndjson.gz#pointValuesMesH24:30538:2011-09-01
2011-09-22,mazar,caudal_m3s,35.05,ords:pointValues,30538,2026-09-22T13:54:45Z,celec_ords/2011/09/pointValuesMesH24.ndjson.gz#pointValuesMesH24:30538:2011-09-01
2011-09-23,mazar,caudal_m3s,49.735,ords:pointValues,30538,2026-09-22T13:54:45Z,celec_ords/2011/09/pointValuesMesH24.ndjson.gz#pointValuesMesH24:30538:2011-09-01
2011-09-24,mazar,caudal_m3s,80.228,ords:pointValues,30538,2026-09-22T13:54:45Z,celec_ords/2011/09/pointValuesMesH24.ndjson.gz#pointValuesMesH24:30538:2011-09-01
2011-09-25,mazar,caudal_m3s,285.559,ords:pointValues,30538,2026-09-22T13:54:45Z,celec_ords/2011/09/pointValuesMesH24.ndjson.gz#pointValuesMesH24:30538:2011-09-01
2011-09-26,mazar,caudal_m3s,302.5,ords:pointValues,30538,2026-09-22T13:54:45Z,celec_ords/2011/09/pointValuesMesH24.ndjson.gz#pointValuesMesH24:30538:2011-09-01
2011-09-27,mazar,caudal_m3s,174.133,ords:pointValues,30538,2026-09-22T13:54:45Z,celec_ords/2011/09/pointValuesMesH24.ndjson.gz#pointValuesMesH24:30538:2011-09-01
2011-09-28,mazar,caudal_m3s,215.45,ords:pointValues,30538,2026-09-22T13:54:45Z,celec_ords/2011/09/pointValuesMesH24.ndjson.gz#pointValuesMesH24:30538:2011-09-01
2011-09-29,mazar,caudal_m3s,89.74,ords:pointValues,30538,2026-09-22T13:54:45Z,celec_ords/2011/09/pointValuesMesH24.ndjson.gz#pointValuesMesH24:30538:2011-09-01
2011-09-30,mazar,caudal_m3s,61.335,ords:pointValues,30538,2026-09-22T13:54:45Z,celec_ords/2011/09/pointValuesMesH24.ndjson.gz#pointValuesMesH24:30538:2011-09-01
2011-10-01,mazar,caudal_m3s,89.531,ords:pointValues,30538,2026-09-22T13:54:44Z,celec_ords/2011/10/pointValuesMesH24.ndjson.gz#pointValuesMesH24:30538:2011-10-01
2011-10-02,mazar,caudal_m3s,77.874,ords:pointValues,30538,2026-09-22T13:54:44Z,celec_ords/2011/10/pointValuesMesH24.ndjson.gz#pointValuesMesH24:30538:2011-10-01
2011-10-03,mazar,caudal_m3s,71.1,ords:pointValues,30538,2026-09-22T13:54:44Z,celec_ords/2011/10/pointValuesMesH24.ndjson.gz#pointValuesMesH24:30538:2011-10-01
2011-10-04,mazar,caudal_m3s,161.294,ords:pointValues,30538,2026-09-22T13:54:44Z,celec_ords/2011/10/pointValuesMesH24.ndjson.gz#pointValuesMesH24:30538:2011-10-01
2011-10-05,mazar,caudal_m3s,158.511,ords:pointValues,30538,2026-09-22T13:54:44Z,celec_ords/2011/10/pointValuesMesH24.ndjson.gz#pointValuesMesH24:30538:2011-10-01
2011-10-06,mazar,caudal_m3s,130.667,ords:pointValues,30538,2026-09-22T13:54:44Z,celec_ords/2011/10/pointValuesMesH24.ndjson.gz#pointValuesMesH24:30538:2011-10-01
2011-10-07,mazar,caudal_m3s,89.976,ords:pointValues,30538,2026-09-22T13:54:44Z,celec_ords/2011/10/pointValuesMesH24.ndjson.gz#pointValuesMesH24:30538:2011-10-01
2011-10-08,mazar,caudal_m3s,99.686,ords:pointValues,30538,2026-09-22T13:54:44Z,celec_ords/2011/10/pointValuesMesH24.ndjson.gz#pointValuesMesH24:30538:2011-10-01
2011-10-09,mazar,caudal_m3s,80.614,ords:pointValues,30538,2026-09-22T13:54:44Z,celec_ords/2011/10/pointValuesMesH24.ndjson.gz#pointValuesMesH24:30538:2011-10-01
2011-10-10,mazar,caudal_m3s,75.15,ords:pointValues,30538,2026-09-22T13:54:44Z,celec_ords/2011/10/pointValuesMesH24.ndjson.gz#pointValuesMesH24:30538:2011-10-01
2011-10-11,mazar,caudal_m3s,84.105,ords:pointValues,30538,2026-09-22T13:54:44Z,celec_ords/2011/10/pointValuesMesH24.ndjson.gz#pointValuesMesH24:30538:2011-10-01
2011-10-12,mazar,caudal_m3s,62.887,ords:pointValues,30538,2026-09-22T13:54:44Z,celec_ords/2011/10/pointValuesMesH24.ndjson.gz#pointValuesMesH24:30538:2011-10-01
2011-10-13,mazar,caudal_m3s,81.511,ords:pointValues,30538,2026-09-22T13:54:44Z,celec_ords/2011/10/pointValuesMesH24.ndjson.gz#pointValuesMesH24:30538:2011-10-01
2011-10-14,mazar,caudal_m3s,67.507,ords:pointValues,30538,2026-09-22T13:54:44Z,celec_ords/2011/10/pointValuesMesH24.ndjson.gz#pointValuesMesH24:30538:2011-10-01
2011-10-15,mazar,caudal_m3s,47.779,ords:pointValues,30538,2026-09-22T13:54:44Z,celec_ords/2011/10/pointValuesMesH24.ndjson.gz#pointValuesMesH24:30538:2011-10-01
2011-10-16,mazar,caudal_m3s,42.291,ords:pointValues,30538,2026-09-22T13:54:44Z,celec_ords/2011/10/pointValuesMesH24.ndjson.gz#pointValuesMesH24:30538:2011-10-01
2011-10-17,mazar,caudal_m3s,21.592,ords:pointValues,30538,2026-09-22T13:54:44Z,celec_ords/2011/10/pointValuesMesH24.ndjson.gz#pointValuesMesH24:30538:2011-10-01
2011-10-18,mazar,caudal_m3s,27.334,ords:pointValues,30538,2026-09-22T13:54:44Z,celec_ords/2011/10/pointValuesMesH24.ndjson.gz#pointValuesMesH24:30538:2011-10-01
2011-10-19,mazar,caudal_m3s,42.667,ords:pointValues,30538,2026-09-22T13:54:44Z,celec_ords/2011/10/pointValuesMesH24.ndjson.gz#pointValuesMesH24:30538:2011-10-01
2011-10-20,mazar,caudal_m3s,23.7,ords:pointValues,30538,2026-09-22T13:54:44Z,celec_ords/2011/10/pointValuesMesH24.ndjson.gz#pointValuesMesH24:30538:2011-10-01
2011-10-21,mazar,caudal_m3s,37.761,ords:pointValues,30538,2026-09-22T13:54:44Z,celec_ords/2011/10/pointValuesMesH24.ndjson.gz#pointValuesMesH24:30538:2011-10-01
2011-10-22,mazar,caudal_m3s,20.936,ords:pointValues,30538,2026-09-22T13:54:44Z,celec_ords/2011/10/pointValuesMesH24.ndjson.gz#pointValuesMesH24:30538:2011-10-01
2011-10-23,mazar,caudal_m3s,13.673,ords:pointValues,30538,2026-09-22T13:54:44Z,celec_ords/2011/10/pointValuesMesH24.ndjson.gz#pointValuesMesH24:30538:2011-10-01
2011-10-24,mazar,caudal_m3s,35.683,ords:pointValues,30538,2026-09-22T13:54:44Z,celec_ords/2011/10/pointValuesMesH24.ndjson.gz#pointValuesMesH24:30538:2011-10-01
2011-10-25,mazar,caudal_m3s,30.393,ords:pointValues,30538,2026-09-22T13:54:44Z,celec_ords/2011/10/pointValuesMesH24.ndjson.gz#pointValuesMesH24:30538:2011-10-01
2011-10-26,mazar,caudal_m3s,25.576,ords:pointValues,30538,2026-09-22T13:54:44Z,celec_ords/2011/10/pointValuesMesH24.ndjson.gz#pointValuesMesH24:30538:2011-10-01
2011-10-27,mazar,caudal_m3s,32.367,ords:pointValues,30538,2026-09-22T13:54:44Z,celec_ords/2011/10/pointValuesMesH24.ndjson.gz#pointValuesMesH24:30538:2011-10-01
2011-10-28,mazar,caudal_m3s,48.518,ords:pointValues,30538,2026-09-22T13:54:44Z,celec_ords/2011/10/pointValuesMesH24.ndjson.gz#pointValuesMesH24:30538:2011-10-01
2011-10-29,mazar,caudal_m3s,48.143,ords:pointValues,30538,2026-09-22T13:54:44Z,celec_ords/2011/10/pointValuesMesH24.ndjson.gz#pointValuesMesH24:30538:2011-10-01
2011-10-30,mazar,caudal_m3s,51.95,ords:pointValues,30538,2026-09-22T13:54:44Z,celec_ords/2011/10/pointValuesMesH24.ndjson.gz#pointValuesMesH24:30538:2011-10-01
2011-10-31,mazar,caudal_m3s,43.057,ords:pointValues,30538,2026-09-22T13:54:44Z,celec_ords/2011/10/pointValuesMesH24.ndjson.gz#pointValuesMesH24:30538:2011-10-01
2011-11-01,mazar,caudal_m3s,25.362,ords:pointValues,30538,2026-09-22T13:54:42Z,celec_ords/2011/11/pointValuesMesH24.ndjson.gz#pointValuesMesH24:30538:2011-11-01
2011-11-02,mazar,caudal_m3s,21.149,ords:pointValues,30538,2026-09-22T13:54:42Z,celec_ords/2011/11/pointValuesMesH24.ndjson.gz#pointValuesMesH24:30538:2011-11-01
2011-11-03,mazar,caudal_m3s,17.167,ords:pointValues,30538,2026-09-22T13:54:42Z,celec_ords/2011/11/pointValuesMesH24.ndjson.gz#pointValuesMesH24:30538:2011-11-01
2011-11-04,mazar,caudal_m3s,40.688,ords:pointValues,30538,2026-09-22T13:54:42Z,celec_ords/2011/11/pointValuesMesH24.ndjson.gz#pointValuesMesH24:30538:2011-11-01
2011-11-05,mazar,caudal_m3s,35.096,ords:pointValues,30538,2026-09-22T13:54:42Z,celec_ords/2011/11/pointValuesMesH24.ndjson.gz#pointValuesMesH24:30538:2011-11-01
2011-11-06,mazar,caudal_m3s,21.466,ords:pointValues,30538,2026-09-22T13:54:42Z,celec_ords/2011/11/pointValuesMesH24.ndjson.gz#pointValuesMesH24:30538:2011-11-01
2011-11-07,mazar,caudal_m3s,129.199,ords:pointValues,30538,2026-09-22T13:54:42Z,celec_ords/2011/11/pointValuesMesH24.ndjson.gz#pointValuesMesH24:30538:2011-11-01
2011-11-08,mazar,caudal_m3s,140.408,ords:pointValues,30538,2026-09-22T13:54:42Z,celec_ords/2011/11/pointValuesMesH24.ndjson.gz#pointValuesMesH24:30538:2011-11-01
2011-11-09,mazar,caudal_m3s,312.615,ords:pointValues,30538,2026-09-22T13:54:42Z,celec_ords/2011/11/pointValuesMesH24.ndjson.gz#pointValuesMesH24:30538:2011-11-01
2011-11-10,mazar,caudal_m3s,158.224,ords:pointValues,30538,2026-09-22T13:54:42Z,celec_ords/2011/11/pointValuesMesH24.ndjson.gz#pointValuesMesH24:30538:2011-11-01
2011-11-11,mazar,caudal_m3s,107.483,ords:pointValues,30538,2026-09-22T13:54:42Z,celec_ords/2011/11/pointValuesMesH24.ndjson.gz#pointValuesMesH24:30538:2011-11-01
2011-11-12,mazar,caudal_m3s,64.85,ords:pointValues,30538,2026-09-22T13:54:42Z,celec_ords/2011/11/pointValuesMesH24.ndjson.gz#pointValuesMesH24:30538:2011-11-01
2011-11-13,mazar,caudal_m3s,87.272,ords:pointValues,30538,2026-09-22T13:54:42Z,celec_ords/2011/11/pointValuesMesH24.ndjson.gz#pointValuesMesH24:30538:2011-11-01
2011-11-14,mazar,caudal_m3s,57.48,ords:pointValues,30538,2026-09-22T13:54:42Z,celec_ords/2011/11/pointValuesMesH24.ndjson.gz#pointValuesMesH24:30538:2011-11-01
2011-11-15,mazar,caudal_m3s,56.921,ords:pointValues,30538,2026-09-22T13:54:42Z,celec_ords/2011/11/pointValuesMesH24.ndjson.gz#pointValuesMesH24:30538:2011-11-01
2011-11-16,mazar,caudal_m3s,57.229,ords:pointValues,30538,2026-09-22T13:54:42Z,celec_ords/2011/11/pointValuesMesH24.ndjson.gz#pointValuesMesH24:30538:2011-11-01
2011-11-17,mazar,caudal_m3s,42.583,ords:pointValues,30538,2026-09-22T13:54:42Z,celec_ords/2011/11/pointValuesMesH24.ndjson.gz#pointValuesMesH24:30538:2011-11-01
2011-11-18,mazar,caudal_m3s,34.601,ords:pointValues,30538,2026-09-22T13:54:42Z,celec_ords/2011/11/pointValuesMesH24.ndjson.gz#pointValuesMesH24:30538:2011-11-01
2011-11-19,mazar,caudal_m3s,35.068,ords:pointValues,30538,2026-09-22T13:54:42Z,celec_ords/2011/11/pointValuesMesH24.ndjson.gz#pointValuesMesH24:30538:2011-11-01
2011-11-20,mazar,caudal_m3s,13.975,ords:pointValues,30538,2026-09-22T13:54:42Z,celec_ords/2011/11/pointValuesMesH24.ndjson.gz#pointValuesMesH24:30538:2011-11-01
2011-11-21,mazar,caudal_m3s,29.21,ords:pointValues,30538,2026-09-22T13:54:42Z,celec_ords/2011/11/pointValuesMesH24.ndjson.gz#pointValuesMesH24:30538:2011-11-01
2011-11-22,mazar,caudal_m3s,38.467,ords:pointValues,30538,2026-09-22T13:54:42Z,celec_ords/2011/11/pointValuesMesH24.ndjson.gz#pointValuesMesH24:30538:2011-11-01
2011-11-23,mazar,caudal_m3s,33.816,ords:pointValues,30538,2026-09-22T13:54:42Z,celec_ords/2011/11/pointValuesMesH24.ndjson.gz#pointValuesMesH24:30538:2011-11-01
2011-11-24,mazar,caudal_m3s,81.363,ords:pointValues,30538,2026-09-22T13:54:42Z,celec_ords/2011/11/pointValuesMesH24.ndjson.gz#pointValuesMesH24:30538:2011-11-01
2011-11-25,mazar,caudal_m3s,49.558,ords:pointValues,30538,2026-09-22T13:54:42Z,celec_ords/2011/11/pointValuesMesH24.ndjson.gz#pointValuesMesH24:30538:2011-11-01
2011-11-26,mazar,caudal_m3s,50.069,ords:pointValues,30538,2026-09-22T13:54:42Z,celec_ords/2011/11/pointValuesMesH24.ndjson.gz#pointValuesMesH24:30538:2011-11-01
2011-11-27,mazar,caudal_m3s,105.314,ords:pointValues,30538,2026-09-22T13:54:42Z,celec_ords/2011/11/pointValuesMesH24.ndjson.gz#pointValuesMesH24:30538:2011-11-01
2011-11-28,mazar,caudal_m3s,183.708,ords:pointValues,30538,2026-09-22T13:54:42Z,celec_ords/2011/11/pointValuesMesH24.ndjson.gz#pointValuesMesH24:30538:2011-11-01
2011-11-29,mazar,caudal_m3s,107.249,ords:pointValues,30538,2026-09-22T13:54:42Z,celec_ords/2011/11/pointValuesMesH24.ndjson.gz#pointValuesMesH24:30538:2011-11-01
2011-11-30,mazar,caudal_m3s,69.793,ords:pointValues,30538,2026-09-22T13:54:42Z,celec_ords/2011/11/pointValuesMesH24.ndjson.gz#pointValuesMesH24:30538:2011-11-01
2011-12-01,mazar,caudal_m3s,85.368,ords:pointValues,30538,2026-09-22T13:54:41Z,celec_ords/2011/12/pointValuesMesH24.ndjson.gz#pointValuesMesH24:30538:2011-12-01
2011-12-02,mazar,caudal_m3s,49.54,ords:pointValues,30538,2026-09-22T13:54:41Z,celec_ords/2011/12/pointValuesMesH24.ndjson.gz#pointValuesMesH24:30538:2011-12-01
2011-12-03,mazar,caudal_m3s,54.768,ords:pointValues,30538,2026-09-22T13:54:41Z,celec_ords/2011/12/pointValuesMesH24.ndjson.gz#pointValuesMesH24:30538:2011-12-01
2011-12-04,mazar,caudal_m3s,74.523,ords:pointValues,30538,2026-09-22T13:54:41Z,celec_ords/2011/12/pointValuesMesH24.ndjson.gz#pointValuesMesH24:30538:2011-12-01
2011-12-05,mazar,caudal_m3s,51.141,ords:pointValues,30538,2026-09-22T13:54:41Z,celec_ords/2011/12/pointValuesMesH24.ndjson.gz#pointValuesMesH24:30538:2011-12-01
2011-12-06,mazar,caudal_m3s,74.121,ords:pointValues,30538,2026-09-22T13:54:41Z,celec_ords/2011/12/pointValuesMesH24.ndjson.gz#pointValuesMesH24:30538:2011-12-01
2011-12-07,mazar,caudal_m3s,59.374,ords:pointValues,30538,2026-09-22T13:54:41Z,celec_ords/2011/12/pointValuesMesH24.ndjson.gz#pointValuesMesH24:30538:2011-12-01
2011-12-08,mazar,caudal_m3s,51.751,ords:pointValues,30538,2026-09-22T13:54:41Z,celec_ords/2011/12/pointValuesMesH24.ndjson.gz#pointValuesMesH24:30538:2011-12-01
2011-12-09,mazar,caudal_m3s,110.361,ords:pointValues,30538,2026-09-22T13:54:41Z,celec_ords/2011/12/pointValuesMesH24.ndjson.gz#pointValuesMesH24:30538:2011-12-01
2011-12-10,mazar,caudal_m3s,72.938,ords:pointValues,30538,2026-09-22T13:54:41Z,celec_ords/2011/12/pointValuesMesH24.ndjson.gz#pointValuesMesH24:30538:2011-12-01
2011-12-11,mazar,caudal_m3s,79.986,ords:pointValues,30538,2026-09-22T13:54:41Z,celec_ords/2011/12/pointValuesMesH24.ndjson.gz#pointValuesMesH24:30538:2011-12-01
2011-12-12,mazar,caudal_m3s,65.037,ords:pointValues,30538,2026-09-22T13:54:41Z,celec_ords/2011/12/pointValuesMesH24.ndjson.gz#pointValuesMesH24:30538:2011-12-01
2011-12-13,mazar,caudal_m3s,175.993,ords:pointValues,30538,2026-09-22T13:54:41Z,celec_ords/2011/12/pointValuesMesH24.ndjson.gz#pointValuesMesH24:30538:2011-12-01
2011-12-14,mazar,caudal_m3s,167.901,ords:pointValues,30538,2026-09-22T13:54:41Z,celec_ords/2011/12/pointValuesMesH24.ndjson.gz#pointValuesMesH24:30538:2011-12-01
2011-12-15,mazar,caudal_m3s,199.079,ords:pointValues,30538,2026-09-22T13:54:41Z,celec_ords/2011/12/pointValuesMesH24.ndjson.gz#pointValuesMesH24:30538:2011-12-01
2011-12-16,mazar,caudal_m3s,305.311,ords:pointValues,30538,2026-09-22T13:54:41Z,celec_ords/2011/12/pointValuesMesH24.ndjson.gz#pointValuesMesH24:30538:2011-12-01
2011-12-17,mazar,caudal_m3s,220.526,ords:pointValues,30538,2026-09-22T13:54:41Z,celec_ords/2011/12/pointValuesMesH24.ndjson.gz#pointValuesMesH24:30538:2011-12-01
2011-12-18,mazar,caudal_m3s,243.621,ords:pointValues,30538,2026-09-22T13:54:41Z,celec_ords/2011/12/pointValuesMesH24.ndjson.gz#pointValuesMesH24:30538:2011-12-01
2011-12-19,mazar,caudal_m3s,264.491,ords:pointValues,30538,2026-09-22T13:54:41Z,celec_ords/2011/12/pointValuesMesH24.ndjson.gz#pointValuesMesH24:30538:2011-12-01
2011-12-20,mazar,caudal_m3s,173.43,ords:pointValues,30538,2026-09-22T13:54:41Z,celec_ords/2011/12/pointValuesMesH24.ndjson.gz#pointValuesMesH24:30538:2011-12-01
2011-12-21,mazar,caudal_m3s,178.613,ords:pointValues,30538,2026-09-22T13:54:41Z,celec_ords/2011/12/pointValuesMesH24.ndjson.gz#pointValuesMesH24:30538:2011-12-01
2011-12-22,mazar,caudal_m3s,115.09,ords:pointValues,30538,2026-09-22T13:54:41Z,celec_ords/2011/12/pointValuesMesH24.ndjson.gz#pointValuesMesH24:30538:2011-12-01
2011-12-23,mazar,caudal_m3s,83.672,ords:pointValues,30538,2026-09-22T13:54:41Z,celec_ords/2011/12/pointValuesMesH24.ndjson.gz#pointValuesMesH24:30538:2011-12-01
2011-12-24,mazar,caudal_m3s,152.782,ords:pointValues,30538,2026-09-22T13:54:41Z,celec_ords/2011/12/pointValuesMesH24.ndjson.gz#pointValuesMesH24:30538:2011-12-01
2011-12-25,mazar,caudal_m3s,130.117,ords:pointValues,30538,2026-09-22T13:54:41Z,celec_ords/2011/12/pointValuesMesH24.ndjson.gz#pointValuesMesH24:30538:2011-12-01
2011-12-26,mazar,caudal_m3s,91.883,ords:pointValues,30538,2026-09-22T13:54:41Z,celec_ords/2011/12/pointValuesMesH24.ndjson.gz#pointValuesMesH24:30538:2011-12-01
2011-12-27,mazar,caudal_m3s,206.133,ords:pointValues,30538,2026-09-22T13:54:41Z,celec_ords/2011/12/pointValuesMesH24.ndjson.gz#pointValuesMesH24:30538:2011-12-01
2011-12-28,mazar,caudal_m3s,188.045,ords:pointValues,30538,2026-09-22T13:54:41Z,celec_ords/2011/12/pointValuesMesH24.ndjson.gz#pointValuesMesH24:30538:2011-12-01
2011-12-29,mazar,caudal_m3s,137.6,ords:pointValues,30538,2026-09-22T13:54:41Z,celec_ords/2011/12/pointValuesMesH24.ndjson.gz#pointValuesMesH24:30538:2011-12-01
2011-12-30,mazar,caudal_m3s,106.685,ords:pointValues,30538,2026-09-22T13:54:41Z,celec_ords/2011/12/pointValuesMesH24.ndjson.gz#pointValuesMesH24:30538:2011-12-01
2011-12-31,mazar,caudal_m3s,83.837,ords:pointValues,30538,2026-09-22T13:54:41Z,celec_ords/2011/12/pointValuesMesH24.ndjson.gz#pointValuesMesH24:30538:2011-12-01
