run_id,origin_date,horizon_days,target_date,demand_gwh_day,hydro_gwh_day,requirement_gwh_day,requirement_p10,requirement_p90,deficit_gwh_day,deficit_p10,deficit_p90,stressed_deficit_gwh_day,margin_pct,tier
2026-09-20-adequacy-1-a7f87a2c,2026-09-20,14,2026-10-04,109.883,84.443,25.44,21.122,32.12,-12.302,-16.62,-5.622,-1.645,11.2,holgado
2026-09-20-adequacy-1-a7f87a2c,2026-09-20,30,2026-10-20,109.544,82.623,26.92,21.458,34.088,-10.822,-16.284,-3.654,-0.165,9.88,holgado
2026-09-20-adequacy-1-a7f87a2c,2026-09-20,60,2026-11-19,109.278,81.35,27.928,19.705,34.894,-9.814,-18.037,-2.848,0.843,8.98,holgado
2026-09-20-adequacy-1-a7f87a2c,2026-09-20,7,2026-09-27,110.375,85.172,25.203,22.231,32.012,-12.539,-15.511,-5.73,-1.882,11.36,holgado
2026-09-20-adequacy-1-a7f87a2c,2026-09-20,90,2026-12-19,109.85,82.057,27.793,19.1,33.471,-9.949,-18.642,-4.271,0.708,9.06,holgado
2026-09-21-adequacy-1-06a49241,2026-09-21,14,2026-10-05,109.74,84.223,25.516,21.198,32.196,-1.589,-5.907,5.091,-1.569,1.45,vigilancia
2026-09-21-adequacy-1-06a49241,2026-09-21,30,2026-10-21,109.53,82.477,27.052,21.59,34.22,-0.053,-5.515,7.115,-0.033,0.05,vigilancia
2026-09-21-adequacy-1-06a49241,2026-09-21,60,2026-11-20,109.207,81.305,27.902,19.679,34.868,0.797,-7.426,7.763,0.817,-0.73,ajustado
2026-09-21-adequacy-1-06a49241,2026-09-21,7,2026-09-28,110.247,84.974,25.273,22.301,32.083,-1.832,-4.804,4.978,-1.812,1.66,vigilancia
2026-09-21-adequacy-1-06a49241,2026-09-21,90,2026-12-20,109.572,81.965,27.607,18.913,33.284,0.502,-8.192,6.179,0.522,-0.46,ajustado
2026-09-21-adequacy-1-3a236765,2026-09-21,14,2026-10-05,109.74,84.223,25.516,21.198,32.196,-12.226,-16.544,-5.546,-1.569,11.14,holgado
2026-09-21-adequacy-1-3a236765,2026-09-21,30,2026-10-21,109.53,82.477,27.052,21.59,34.22,-10.69,-16.152,-3.522,-0.033,9.76,holgado
2026-09-21-adequacy-1-3a236765,2026-09-21,60,2026-11-20,109.207,81.305,27.902,19.679,34.868,-9.84,-18.063,-2.874,0.817,9.01,holgado
2026-09-21-adequacy-1-3a236765,2026-09-21,7,2026-09-28,110.247,84.974,25.273,22.301,32.083,-12.469,-15.441,-5.659,-1.812,11.31,holgado
2026-09-21-adequacy-1-3a236765,2026-09-21,90,2026-12-20,109.572,81.965,27.607,18.913,33.284,-10.135,-18.829,-4.458,0.522,9.25,holgado
2026-09-21-adequacy-2-3722ef6f,2026-09-21,14,2026-10-05,109.74,84.223,25.516,19.082,35.579,-1.589,-8.023,8.474,-1.569,1.45,vigilancia
2026-09-21-adequacy-2-3722ef6f,2026-09-21,30,2026-10-21,109.53,82.477,27.052,18.269,39.109,-0.053,-8.836,12.003,-0.033,0.05,vigilancia
2026-09-21-adequacy-2-3722ef6f,2026-09-21,60,2026-11-20,109.207,81.305,27.902,16.163,38.187,0.797,-10.942,11.082,0.817,-0.73,ajustado
2026-09-21-adequacy-2-3722ef6f,2026-09-21,7,2026-09-28,110.247,84.974,25.273,20.326,35.977,-1.832,-6.779,8.872,-1.812,1.66,vigilancia
2026-09-21-adequacy-2-3722ef6f,2026-09-21,90,2026-12-20,109.572,81.965,27.607,15.905,36.024,0.502,-11.2,8.919,0.522,-0.46,ajustado
2026-09-22-adequacy-2-b7e1956c,2026-09-22,14,2026-10-06,109.277,83.839,25.438,19.004,35.501,-1.666,-8.101,8.396,-1.647,1.52,vigilancia
2026-09-22-adequacy-2-b7e1956c,2026-09-22,30,2026-10-22,109.063,82.094,26.969,18.186,39.025,-0.136,-8.919,11.92,-0.116,0.12,vigilancia
2026-09-22-adequacy-2-b7e1956c,2026-09-22,60,2026-11-21,108.677,81.042,27.635,15.895,37.919,0.53,-11.209,10.815,0.55,-0.49,ajustado
2026-09-22-adequacy-2-b7e1956c,2026-09-22,7,2026-09-29,109.812,84.531,25.28,20.333,35.984,-1.824,-6.771,8.879,-1.805,1.66,vigilancia
2026-09-22-adequacy-2-b7e1956c,2026-09-22,90,2026-12-21,109.074,81.837,27.238,15.535,35.655,0.133,-11.569,8.551,0.153,-0.12,ajustado
2026-09-23-adequacy-2-9676f1ec,2026-09-23,14,2026-10-07,109.344,83.183,26.161,19.589,36.095,-0.942,-7.515,8.992,-0.924,0.86,vigilancia
2026-09-23-adequacy-2-9676f1ec,2026-09-23,30,2026-10-23,109.107,81.402,27.706,19.262,39.277,0.602,-7.841,12.174,0.621,-0.55,ajustado
2026-09-23-adequacy-2-9676f1ec,2026-09-23,60,2026-11-22,108.639,80.483,28.156,17.35,37.238,1.053,-9.753,10.135,1.071,-0.97,ajustado
2026-09-23-adequacy-2-9676f1ec,2026-09-23,7,2026-09-30,109.776,83.84,25.936,21.205,35.735,-1.168,-5.898,8.631,-1.149,1.06,vigilancia
2026-09-23-adequacy-2-9676f1ec,2026-09-23,90,2026-12-22,109.23,81.534,27.697,16.404,35.207,0.593,-10.699,8.104,0.612,-0.54,ajustado
2026-09-24-adequacy-2-eca15f98,2026-09-24,14,2026-10-08,109.197,82.597,26.601,20.028,36.535,-0.501,-7.074,9.433,-0.484,0.46,vigilancia
2026-09-24-adequacy-2-eca15f98,2026-09-24,30,2026-10-24,108.716,80.653,28.063,19.619,39.634,0.961,-7.482,12.532,0.978,-0.88,ajustado
2026-09-24-adequacy-2-eca15f98,2026-09-24,60,2026-11-23,108.522,80.099,28.423,17.617,37.505,1.321,-9.485,10.403,1.338,-1.22,ajustado
2026-09-24-adequacy-2-eca15f98,2026-09-24,7,2026-10-01,109.56,83.277,26.284,21.553,36.083,-0.818,-5.548,8.981,-0.801,0.75,vigilancia
2026-09-24-adequacy-2-eca15f98,2026-09-24,90,2026-12-23,109.127,81.273,27.854,16.561,35.365,0.752,-10.54,8.263,0.769,-0.69,ajustado
2026-09-25-adequacy-2-72204ac0,2026-09-25,14,2026-10-09,109.055,82.138,26.916,20.344,36.85,-0.186,-6.759,9.748,-0.169,0.17,vigilancia
2026-09-25-adequacy-2-72204ac0,2026-09-25,30,2026-10-25,108.136,79.965,28.172,19.728,39.743,1.069,-7.374,12.64,1.087,-0.99,ajustado
2026-09-25-adequacy-2-72204ac0,2026-09-25,60,2026-11-24,108.478,79.94,28.538,17.732,37.62,1.435,-9.371,10.517,1.453,-1.32,ajustado
2026-09-25-adequacy-2-72204ac0,2026-09-25,7,2026-10-02,109.366,82.883,26.482,21.752,36.281,-0.62,-5.351,9.179,-0.603,0.57,vigilancia
2026-09-25-adequacy-2-72204ac0,2026-09-25,90,2026-12-24,109.03,81.155,27.875,16.582,35.386,0.772,-10.52,8.283,0.79,-0.71,ajustado
2026-09-26-adequacy-2-c2e78c29,2026-09-26,14,2026-10-10,108.891,81.44,27.45,20.878,37.384,0.35,-6.223,10.284,0.365,-0.32,ajustado
2026-09-26-adequacy-2-c2e78c29,2026-09-26,30,2026-10-26,108.109,79.436,28.673,20.23,40.244,1.573,-6.871,13.144,1.588,-1.45,ajustado
2026-09-26-adequacy-2-c2e78c29,2026-09-26,60,2026-11-25,108.557,79.675,28.882,18.076,37.964,1.782,-9.025,10.864,1.797,-1.64,ajustado
2026-09-26-adequacy-2-c2e78c29,2026-09-26,7,2026-10-03,109.126,82.237,26.888,22.158,36.687,-0.212,-4.943,9.587,-0.197,0.19,vigilancia
2026-09-26-adequacy-2-c2e78c29,2026-09-26,90,2026-12-25,108.993,80.899,28.095,16.802,35.605,0.994,-10.298,8.505,1.01,-0.91,ajustado
2026-09-27-adequacy-2-711fe3bf,2026-09-27,14,2026-10-11,108.691,81.093,27.598,21.025,37.531,0.498,-6.075,10.431,0.513,-0.46,ajustado
2026-09-27-adequacy-2-711fe3bf,2026-09-27,30,2026-10-27,108.395,79.477,28.918,20.475,40.489,1.818,-6.625,13.389,1.833,-1.68,ajustado
2026-09-27-adequacy-2-711fe3bf,2026-09-27,60,2026-11-26,108.73,79.79,28.94,18.134,38.022,1.84,-8.966,10.922,1.855,-1.69,ajustado
2026-09-27-adequacy-2-711fe3bf,2026-09-27,7,2026-10-04,108.856,81.94,26.916,22.186,36.715,-0.184,-4.914,9.615,-0.169,0.17,vigilancia
2026-09-27-adequacy-2-711fe3bf,2026-09-27,90,2026-12-26,108.951,80.919,28.031,16.739,35.542,0.931,-10.361,8.442,0.946,-0.85,ajustado
2026-09-28-adequacy-2-2441159d,2026-09-28,14,2026-10-12,108.598,80.782,27.816,21.244,37.75,0.717,-5.856,10.65,0.731,-0.66,ajustado
2026-09-28-adequacy-2-2441159d,2026-09-28,30,2026-10-28,108.448,79.374,29.073,20.63,40.644,1.973,-6.47,13.544,1.988,-1.82,ajustado
2026-09-28-adequacy-2-2441159d,2026-09-28,60,2026-11-27,108.773,79.809,28.964,18.158,38.046,1.864,-8.942,10.946,1.879,-1.71,ajustado
2026-09-28-adequacy-2-2441159d,2026-09-28,7,2026-10-05,108.741,81.664,27.076,22.346,36.875,-0.024,-4.754,9.775,-0.009,0.02,vigilancia
2026-09-28-adequacy-2-2441159d,2026-09-28,90,2026-12-27,108.783,80.83,27.953,16.661,35.464,0.853,-10.439,8.364,0.868,-0.78,ajustado
2026-09-29-adequacy-2-79b25943,2026-09-29,14,2026-10-13,108.465,79.85,28.614,22.042,38.548,1.514,-5.059,11.448,1.529,-1.4,ajustado
2026-09-29-adequacy-2-79b25943,2026-09-29,30,2026-10-29,108.343,78.591,29.752,21.309,41.323,2.652,-5.792,14.223,2.667,-2.45,ajustado
2026-09-29-adequacy-2-79b25943,2026-09-29,60,2026-11-28,108.628,79.209,29.419,18.613,38.501,2.319,-8.488,11.401,2.334,-2.13,ajustado
2026-09-29-adequacy-2-79b25943,2026-09-29,7,2026-10-06,108.576,80.741,27.835,23.105,37.634,0.735,-3.995,10.534,0.75,-0.68,ajustado
2026-09-29-adequacy-2-79b25943,2026-09-29,90,2026-12-28,108.673,80.367,28.307,17.014,35.818,1.206,-10.086,8.717,1.222,-1.11,ajustado
2026-09-30-adequacy-2-1974a740,2026-09-30,14,2026-10-14,108.296,78.772,29.524,22.952,39.458,2.424,-4.149,12.357,2.439,-2.24,ajustado
2026-09-30-adequacy-2-1974a740,2026-09-30,30,2026-10-30,108.148,77.626,30.523,22.079,42.094,3.422,-5.021,14.993,3.438,-3.16,ajustado
2026-09-30-adequacy-2-1974a740,2026-09-30,60,2026-11-29,108.349,78.389,29.96,19.154,39.042,2.859,-7.947,11.941,2.875,-2.64,ajustado
2026-09-30-adequacy-2-1974a740,2026-09-30,7,2026-10-07,108.415,79.614,28.8,24.07,38.599,1.699,-3.031,11.498,1.715,-1.57,ajustado
2026-09-30-adequacy-2-1974a740,2026-09-30,90,2026-12-29,108.586,79.82,28.767,17.474,36.277,1.666,-9.627,9.177,1.682,-1.53,ajustado
2026-10-01-adequacy-2-2df8f69e,2026-10-01,14,2026-10-15,108.18,77.733,30.446,23.874,40.38,3.349,-3.224,13.282,3.361,-3.1,ajustado
2026-10-01-adequacy-2-2df8f69e,2026-10-01,30,2026-10-31,107.787,76.58,31.207,22.763,42.778,4.109,-4.335,15.68,4.122,-3.81,ajustado
2026-10-01-adequacy-2-2df8f69e,2026-10-01,60,2026-11-30,108.282,77.739,30.543,19.737,39.625,3.445,-7.361,12.528,3.458,-3.18,ajustado
2026-10-01-adequacy-2-2df8f69e,2026-10-01,7,2026-10-08,108.351,78.524,29.827,25.097,39.626,2.73,-2.001,12.529,2.742,-2.52,ajustado
2026-10-01-adequacy-2-2df8f69e,2026-10-01,90,2026-12-30,108.56,79.32,29.24,17.947,36.751,2.142,-9.15,9.653,2.155,-1.97,ajustado
2026-10-02-adequacy-2-936bd150,2026-10-02,14,2026-10-16,108.143,76.39,31.754,25.181,41.688,4.658,-1.915,14.592,4.669,-4.31,ajustado
2026-10-02-adequacy-2-936bd150,2026-10-02,30,2026-11-01,107.296,75.093,32.203,23.759,43.774,5.107,-3.337,16.678,5.118,-4.76,deficit
2026-10-02-adequacy-2-936bd150,2026-10-02,60,2026-12-01,108.322,76.83,31.492,20.686,40.574,4.396,-6.41,13.479,4.407,-4.06,ajustado
2026-10-02-adequacy-2-936bd150,2026-10-02,7,2026-10-09,108.342,77.145,31.198,26.467,40.997,4.102,-0.628,13.901,4.113,-3.79,ajustado
2026-10-02-adequacy-2-936bd150,2026-10-02,90,2026-12-31,108.568,78.527,30.041,18.749,37.552,2.945,-8.347,10.456,2.956,-2.71,ajustado
2026-10-03-adequacy-2-11be2186,2026-10-03,14,2026-10-17,108.06,75.334,32.726,26.153,42.659,5.633,-0.94,15.567,5.641,-5.21,deficit
2026-10-03-adequacy-2-11be2186,2026-10-03,30,2026-11-02,107.335,74.325,33.01,24.566,44.581,5.917,-2.526,17.488,5.925,-5.51,deficit
2026-10-03-adequacy-2-11be2186,2026-10-03,60,2026-12-02,108.487,76.321,32.166,21.36,41.248,5.073,-5.733,14.155,5.081,-4.68,deficit
2026-10-03-adequacy-2-11be2186,2026-10-03,7,2026-10-10,108.313,76.109,32.204,27.473,42.003,5.111,0.381,14.91,5.119,-4.72,deficit
2026-10-03-adequacy-2-11be2186,2026-10-03,90,2027-01-01,108.649,78.082,30.567,19.274,38.077,3.474,-7.818,10.985,3.482,-3.2,ajustado
2026-10-04-adequacy-2-6e116457,2026-10-04,14,2026-10-18,107.971,74.969,33.002,26.429,42.936,5.914,-0.659,15.848,5.917,-5.48,deficit
2026-10-04-adequacy-2-6e116457,2026-10-04,30,2026-11-03,107.68,74.465,33.215,24.771,44.786,6.127,-2.316,17.698,6.13,-5.69,deficit
2026-10-04-adequacy-2-6e116457,2026-10-04,60,2026-12-03,108.744,76.475,32.269,21.463,41.351,5.181,-5.625,14.263,5.184,-4.76,deficit
2026-10-04-adequacy-2-6e116457,2026-10-04,7,2026-10-11,108.196,75.717,32.479,27.749,42.278,5.391,0.661,15.19,5.394,-4.98,deficit
2026-10-04-adequacy-2-6e116457,2026-10-04,90,2027-01-02,108.726,78.164,30.562,19.27,38.073,3.474,-7.818,10.985,3.477,-3.2,ajustado
2026-10-05-adequacy-2-92d1c8c6,2026-10-05,14,2026-10-19,107.878,74.655,33.222,26.65,43.156,6.136,-0.437,16.069,6.137,-5.69,deficit
2026-10-05-adequacy-2-92d1c8c6,2026-10-05,30,2026-11-04,107.727,74.382,33.345,24.901,44.916,6.258,-2.186,17.829,6.26,-5.81,deficit
2026-10-05-adequacy-2-92d1c8c6,2026-10-05,60,2026-12-04,108.817,76.458,32.359,21.553,41.441,5.272,-5.534,14.354,5.274,-4.84,deficit
2026-10-05-adequacy-2-92d1c8c6,2026-10-05,7,2026-10-12,108.015,75.242,32.773,28.043,42.572,5.686,0.956,15.485,5.688,-5.26,deficit
2026-10-05-adequacy-2-92d1c8c6,2026-10-05,90,2027-01-03,108.629,78.083,30.546,19.254,38.057,3.459,-7.833,10.97,3.461,-3.18,ajustado
