run_id,generated_at,origin_date,model_id,model_version,features_hash,usable_days,rejected_days,demand_fit_days,demand_growth_pct_per_year,hydro_fit_days,hydro_anomaly,thermal_gwh_day,import_gwh_day,stressed_import_gwh_day,other_gwh_day,backtest_origins
2026-09-20-adequacy-1-a7f87a2c,2026-09-22T17:03:51Z,2026-09-20,adequacy-v1,1,a7f87a2cb30e49e8,3723,57,1202,6.5972,3723,0.966009,25.831,10.779,0.122,1.132,99
2026-09-21-adequacy-1-06a49241,2026-09-23T02:37:12Z,2026-09-21,adequacy-v1,1,06a49241d00759c5,3724,57,1202,6.6005,3724,0.966143,25.831,10.779,0.122,1.132,99
2026-09-21-adequacy-1-3a236765,2026-09-22T19:49:06Z,2026-09-21,adequacy-v1,1,3a23676564566b73,3724,57,1202,6.6005,3724,0.966143,25.831,10.779,0.122,1.132,99
2026-09-21-adequacy-2-3722ef6f,2026-09-23T15:01:24Z,2026-09-21,adequacy-v1,2,3722ef6f6abe8f40,3724,57,1202,6.6005,3724,0.966143,25.831,10.779,0.122,1.132,99
2026-09-22-adequacy-2-b7e1956c,2026-09-23T19:53:40Z,2026-09-22,adequacy-v1,2,b7e1956c8144daef,3725,57,1202,6.6041,3725,0.964904,25.831,10.779,0.122,1.132,99
2026-09-23-adequacy-2-9676f1ec,2026-09-24T20:12:58Z,2026-09-23,adequacy-v1,2,9676f1ec61b7f064,3726,57,1246,6.6046,3726,0.96069,25.831,10.779,0.122,1.132,99
2026-09-24-adequacy-2-eca15f98,2026-09-25T20:11:57Z,2026-09-24,adequacy-v1,2,eca15f98c9912f64,3727,57,1245,6.5939,3727,0.957645,25.831,10.779,0.122,1.132,99
2026-09-25-adequacy-2-72204ac0,2026-09-26T19:29:40Z,2026-09-25,adequacy-v1,2,72204ac0c743cfca,3728,57,1244,6.5749,3728,0.957518,25.831,10.779,0.122,1.132,99
2026-09-26-adequacy-2-c2e78c29,2026-09-27T19:55:42Z,2026-09-26,adequacy-v1,2,c2e78c29f37f9af7,3729,57,1243,6.5679,3729,0.953301,25.831,10.779,0.122,1.132,99
2026-09-27-adequacy-2-711fe3bf,2026-09-28T22:20:22Z,2026-09-27,adequacy-v1,2,711fe3bf3c80a717,3730,57,1242,6.5678,3730,0.953297,25.831,10.779,0.122,1.132,99
2026-09-28-adequacy-2-2441159d,2026-09-29T21:07:20Z,2026-09-28,adequacy-v1,2,2441159d5f7ea308,3731,57,1241,6.5671,3731,0.953297,25.831,10.779,0.122,1.132,99
2026-09-29-adequacy-2-79b25943,2026-10-01T14:00:58Z,2026-09-29,adequacy-v1,2,79b25943520922d5,3732,57,1240,6.5669,3732,0.946244,25.831,10.779,0.122,1.132,99
2026-09-30-adequacy-2-1974a740,2026-10-01T21:27:21Z,2026-09-30,adequacy-v1,2,1974a74026024ca7,3733,57,1239,6.5666,3733,0.937175,25.831,10.779,0.122,1.132,99
2026-10-01-adequacy-2-2df8f69e,2026-10-02T21:05:10Z,2026-10-01,adequacy-v1,2,2df8f69e6d8d7718,3734,57,1238,6.5579,3734,0.929249,25.831,10.779,0.122,1.132,100
2026-10-02-adequacy-2-936bd150,2026-10-04T14:56:14Z,2026-10-02,adequacy-v1,2,936bd150eca328b4,3735,57,1237,6.5394,3735,0.917078,25.831,10.779,0.122,1.132,100
2026-10-03-adequacy-2-11be2186,2026-10-05T13:00:32Z,2026-10-03,adequacy-v1,2,11be218607f97d5d,3736,57,1236,6.5344,3736,0.908953,25.831,10.779,0.122,1.132,100
2026-10-04-adequacy-2-6e116457,2026-10-06T02:34:25Z,2026-10-04,adequacy-v1,2,6e1164578feff167,3737,57,1235,6.5332,3737,0.909038,25.831,10.779,0.122,1.132,100
2026-10-05-adequacy-2-92d1c8c6,2026-10-07T06:35:48Z,2026-10-05,adequacy-v1,2,92d1c8c637ae7dab,3738,57,1234,6.5344,3738,0.908163,25.831,10.779,0.122,1.132,100
2026-10-06-adequacy-2-3ac13cb9,2026-10-08T06:44:53Z,2026-10-06,adequacy-v1,2,3ac13cb9fa9d76d3,3739,57,1233,6.5338,3739,0.909623,25.831,10.779,0.122,1.132,100
2026-10-07-adequacy-2-a1558841,2026-10-08T19:04:25Z,2026-10-07,adequacy-v1,2,a1558841b3451949,3740,57,1232,6.5306,3740,0.91684,25.831,10.779,0.122,1.132,100
