run_id,generated_at,origin_date,site,variable,model_id,model_version,features_hash,origin_level_masl,train_days,balance_days,analog_years,backtest_origins,curve_datum_m,curve_area_coefficient,curve_area_exponent,curve_rmse_level_m,turbine_m3s_per_mw,release_stance_m3s,crest_masl
2026-09-21-mazar-1-1c43d784,2026-09-22T19:48:56Z,2026-09-21,mazar,cota_masl,M3-water-balance,1,1c43d7840613ac80,2138.37,4385,3977,16,105,2036.66,48.458321,2.5,0.689341,0.670779,19.42,2155.83
2026-09-21-mazar-2-3eaa4e38,2026-09-23T02:37:02Z,2026-09-21,mazar,cota_masl,M3-water-balance,2,3eaa4e3838164077,2138.37,4385,3977,16,105,2036.66,48.458321,2.5,0.689341,0.670779,19.42,2155.83
2026-09-21-mazar-2-cc730831,2026-09-23T05:52:07Z,2026-09-21,mazar,cota_masl,M3-water-balance,2,cc73083172d63952,2138.37,4385,3977,16,105,2036.66,48.458321,2.5,0.689341,0.670779,19.42,2155.83
2026-09-22-mazar-2-6749e11c,2026-09-23T19:53:32Z,2026-09-22,mazar,cota_masl,M3-water-balance,2,6749e11c6f89fee3,2137.7,4386,3978,16,105,2036.66,48.461881,2.5,0.689134,0.670674,19.386,2155.83
2026-09-23-mazar-2-75aaeaf7,2026-09-24T20:12:46Z,2026-09-23,mazar,cota_masl,M3-water-balance,2,75aaeaf7bd525665,2136.54,4387,3979,16,105,2036.66,48.441166,2.5,0.689346,0.670876,29.58,2155.83
2026-09-23-mazar-2-e2d2e3ba,2026-09-24T15:30:48Z,2026-09-23,mazar,cota_masl,M3-water-balance,2,e2d2e3ba943070d7,2136.54,4387,3979,16,105,2036.66,48.441166,2.5,0.689346,0.670876,29.58,2155.83
2026-09-24-mazar-2-ac219e21,2026-09-25T20:11:42Z,2026-09-24,mazar,cota_masl,M3-water-balance,2,ac219e210566c7fd,2135.8,4388,3980,16,105,2036.66,48.445191,2.5,0.689138,0.670709,29.576,2155.83
2026-09-25-mazar-2-ea6c996b,2026-09-26T19:29:25Z,2026-09-25,mazar,cota_masl,M3-water-balance,2,ea6c996b98673e74,2134.73,4389,3981,16,105,2036.66,48.436137,2.5,0.689117,0.670838,30.393,2155.83
2026-09-26-mazar-2-e0e66b6f,2026-09-27T19:55:26Z,2026-09-26,mazar,cota_masl,M3-water-balance,2,e0e66b6f954962d8,2134.06,4390,3982,16,105,2036.66,48.44036,2.5,0.688914,0.670662,30.208,2155.83
2026-09-27-mazar-2-975935b9,2026-09-28T22:20:06Z,2026-09-27,mazar,cota_masl,M3-water-balance,2,975935b98256640a,2134.17,4391,3983,16,105,2036.66,48.426886,2.5,0.689198,0.670188,30.388,2155.83
2026-09-28-mazar-2-ef43c37e,2026-09-29T21:07:04Z,2026-09-28,mazar,cota_masl,M3-water-balance,2,ef43c37ec028b8d5,2133.6,4392,3984,16,105,2036.66,48.413001,2.5,0.689451,0.670434,30.187,2155.83
2026-09-29-mazar-2-e28bc70d,2026-09-30T21:04:37Z,2026-09-29,mazar,cota_masl,M3-water-balance,2,e28bc70dcd5d116b,2132.83,4393,3985,16,105,2036.66,48.410859,2.5,0.689313,0.670483,30.185,2155.83
2026-09-30-mazar-2-a90f27d5,2026-10-01T21:27:08Z,2026-09-30,mazar,cota_masl,M3-water-balance,2,a90f27d543e379ee,2132.02,4394,3986,16,105,2036.66,48.404534,2.5,0.689257,0.67062,30.18,2155.83
2026-10-01-mazar-2-2e2b5b28,2026-10-02T21:04:58Z,2026-10-01,mazar,cota_masl,M3-water-balance,2,2e2b5b289de717d0,2130.89,4395,3987,16,105,2036.66,48.396607,2.5,0.689211,0.67071,30.174,2155.83
2026-10-02-mazar-2-02c685e9,2026-10-03T15:13:54Z,2026-10-02,mazar,cota_masl,M3-water-balance,2,02c685e949ab0833,2130.46,4396,3988,16,105,2036.66,48.398438,2.5,0.689108,0.670342,30.176,2155.83
2026-10-02-mazar-3-fa6823f5,2026-10-03T19:32:53Z,2026-10-02,mazar,cota_masl,M3-water-balance,3,fa6823f5878214d1,2130.46,4396,3988,16,105,2036.66,48.398438,2.5,0.689108,0.670342,30.176,2155.83
2026-10-03-mazar-3-05473ff8,2026-10-04T19:51:24Z,2026-10-03,mazar,cota_masl,M3-water-balance,3,05473ff8146493f5,2131.12,4397,3989,16,105,2036.66,48.353103,2.5,0.689998,0.669653,30.135,2155.83
2026-10-04-mazar-3-5e370f38,2026-10-06T02:34:08Z,2026-10-04,mazar,cota_masl,M3-water-balance,3,5e370f3879c9eb32,2132.05,4398,3990,16,105,2036.66,48.361011,2.5,0.689733,0.669674,30.143,2155.83
2026-10-05-mazar-3-7e4d3b02,2026-10-07T00:14:03Z,2026-10-05,mazar,cota_masl,M3-water-balance,3,7e4d3b0231a3a312,2131.97,4399,3991,16,105,2036.66,48.357963,2.5,0.689821,0.669666,29.478,2155.83
2026-10-06-mazar-3-5265e822,2026-10-07T06:35:33Z,2026-10-06,mazar,cota_masl,M3-water-balance,3,5265e822af6024ce,2131.27,4400,3992,15,105,2036.66,48.339831,2.5,0.690102,0.669819,23.355,2155.83
