site,river_id,month_day,horizon_days,first_year,last_year,median_m3s
agoyan,621014469,01-01,7,1940,2023,287.699
manduriacu,670078161,01-01,7,1940,2023,524.276
minas_san_francisco,670027091,01-01,7,1940,2023,155.8
agoyan,621014469,01-02,7,1940,2023,285.586
manduriacu,670078161,01-02,7,1940,2023,526.569
minas_san_francisco,670027091,01-02,7,1940,2023,156.812
agoyan,621014469,01-03,7,1940,2023,293.441
manduriacu,670078161,01-03,7,1940,2023,519.375
minas_san_francisco,670027091,01-03,7,1940,2023,157.789
agoyan,621014469,01-04,7,1940,2023,285.023
manduriacu,670078161,01-04,7,1940,2023,532.265
minas_san_francisco,670027091,01-04,7,1940,2023,162.839
agoyan,621014469,01-05,7,1940,2023,292.535
manduriacu,670078161,01-05,7,1940,2023,538.047
minas_san_francisco,670027091,01-05,7,1940,2023,170.19
agoyan,621014469,01-06,7,1940,2023,285.379
manduriacu,670078161,01-06,7,1940,2023,563.277
minas_san_francisco,670027091,01-06,7,1940,2023,161.041
agoyan,621014469,01-07,7,1940,2023,290.373
manduriacu,670078161,01-07,7,1940,2023,560.307
minas_san_francisco,670027091,01-07,7,1940,2023,158.191
agoyan,621014469,01-08,7,1940,2023,287.383
manduriacu,670078161,01-08,7,1940,2023,533.238
minas_san_francisco,670027091,01-08,7,1940,2023,154.106
agoyan,621014469,01-09,7,1940,2023,296.679
manduriacu,670078161,01-09,7,1940,2023,538.813
minas_san_francisco,670027091,01-09,7,1940,2023,154.282
agoyan,621014469,01-10,7,1940,2023,309.251
manduriacu,670078161,01-10,7,1940,2023,517.766
minas_san_francisco,670027091,01-10,7,1940,2023,160.598
agoyan,621014469,01-11,7,1940,2023,312.259
manduriacu,670078161,01-11,7,1940,2023,524.799
minas_san_francisco,670027091,01-11,7,1940,2023,162.741
agoyan,621014469,01-12,7,1940,2023,318.733
manduriacu,670078161,01-12,7,1940,2023,533.711
minas_san_francisco,670027091,01-12,7,1940,2023,164.639
agoyan,621014469,01-13,7,1940,2023,321.572
manduriacu,670078161,01-13,7,1940,2023,538.351
minas_san_francisco,670027091,01-13,7,1940,2023,171.723
agoyan,621014469,01-14,7,1940,2023,322.783
manduriacu,670078161,01-14,7,1940,2023,538.303
minas_san_francisco,670027091,01-14,7,1940,2023,175.562
agoyan,621014469,01-15,7,1940,2023,323.02
manduriacu,670078161,01-15,7,1940,2023,535.982
minas_san_francisco,670027091,01-15,7,1940,2023,178.729
agoyan,621014469,01-16,7,1940,2023,318.767
manduriacu,670078161,01-16,7,1940,2023,540.683
minas_san_francisco,670027091,01-16,7,1940,2023,176.352
agoyan,621014469,01-17,7,1940,2023,310.561
manduriacu,670078161,01-17,7,1940,2023,529.851
minas_san_francisco,670027091,01-17,7,1940,2023,171.874
agoyan,621014469,01-18,7,1940,2023,305.204
manduriacu,670078161,01-18,7,1940,2023,534.025
minas_san_francisco,670027091,01-18,7,1940,2023,171.575
agoyan,621014469,01-19,7,1940,2023,312.732
manduriacu,670078161,01-19,7,1940,2023,536.687
minas_san_francisco,670027091,01-19,7,1940,2023,182.162
agoyan,621014469,01-20,7,1940,2023,319.267
manduriacu,670078161,01-20,7,1940,2023,535.515
minas_san_francisco,670027091,01-20,7,1940,2023,196.987
agoyan,621014469,01-21,7,1940,2023,320.969
manduriacu,670078161,01-21,7,1940,2023,539.117
minas_san_francisco,670027091,01-21,7,1940,2023,191.985
agoyan,621014469,01-22,7,1940,2023,340.712
manduriacu,670078161,01-22,7,1940,2023,551.333
minas_san_francisco,670027091,01-22,7,1940,2023,189.204
agoyan,621014469,01-23,7,1940,2023,342.491
manduriacu,670078161,01-23,7,1940,2023,566.866
minas_san_francisco,670027091,01-23,7,1940,2023,189.609
agoyan,621014469,01-24,7,1940,2023,344.111
manduriacu,670078161,01-24,7,1940,2023,569.199
minas_san_francisco,670027091,01-24,7,1940,2023,190.628
agoyan,621014469,01-25,7,1940,2023,331.05
manduriacu,670078161,01-25,7,1940,2023,570.002
minas_san_francisco,670027091,01-25,7,1940,2023,198.831
agoyan,621014469,01-26,7,1940,2023,325.301
manduriacu,670078161,01-26,7,1940,2023,571.121
minas_san_francisco,670027091,01-26,7,1940,2023,196.92
agoyan,621014469,01-27,7,1940,2023,327.527
manduriacu,670078161,01-27,7,1940,2023,581.032
minas_san_francisco,670027091,01-27,7,1940,2023,194.081
agoyan,621014469,01-28,7,1940,2023,330.725
manduriacu,670078161,01-28,7,1940,2023,569.623
minas_san_francisco,670027091,01-28,7,1940,2023,214.303
agoyan,621014469,01-29,7,1940,2023,351.144
manduriacu,670078161,01-29,7,1940,2023,559.261
minas_san_francisco,670027091,01-29,7,1940,2023,210.428
agoyan,621014469,01-30,7,1940,2023,357.073
manduriacu,670078161,01-30,7,1940,2023,570.79
minas_san_francisco,670027091,01-30,7,1940,2023,201.423
agoyan,621014469,01-31,7,1940,2023,352.963
manduriacu,670078161,01-31,7,1940,2023,569.181
minas_san_francisco,670027091,01-31,7,1940,2023,213.809
agoyan,621014469,02-01,7,1940,2023,364.047
manduriacu,670078161,02-01,7,1940,2023,553.081
minas_san_francisco,670027091,02-01,7,1940,2023,217.003
agoyan,621014469,02-02,7,1940,2023,367.953
manduriacu,670078161,02-02,7,1940,2023,576.904
minas_san_francisco,670027091,02-02,7,1940,2023,222.4
agoyan,621014469,02-03,7,1940,2023,381.46
manduriacu,670078161,02-03,7,1940,2023,575.758
minas_san_francisco,670027091,02-03,7,1940,2023,214.642
agoyan,621014469,02-04,7,1940,2023,389.814
manduriacu,670078161,02-04,7,1940,2023,569.322
minas_san_francisco,670027091,02-04,7,1940,2023,222.212
agoyan,621014469,02-05,7,1940,2023,398.159
manduriacu,670078161,02-05,7,1940,2023,574.568
minas_san_francisco,670027091,02-05,7,1940,2023,226.896
agoyan,621014469,02-06,7,1940,2023,388.736
manduriacu,670078161,02-06,7,1940,2023,572.516
minas_san_francisco,670027091,02-06,7,1940,2023,226.884
agoyan,621014469,02-07,7,1940,2023,378.424
manduriacu,670078161,02-07,7,1940,2023,568.281
minas_san_francisco,670027091,02-07,7,1940,2023,226.264
agoyan,621014469,02-08,7,1940,2023,378.967
manduriacu,670078161,02-08,7,1940,2023,555.377
minas_san_francisco,670027091,02-08,7,1940,2023,213.7
agoyan,621014469,02-09,7,1940,2023,377.025
manduriacu,670078161,02-09,7,1940,2023,576.305
minas_san_francisco,670027091,02-09,7,1940,2023,217.137
agoyan,621014469,02-10,7,1940,2023,362.639
manduriacu,670078161,02-10,7,1940,2023,569.074
minas_san_francisco,670027091,02-10,7,1940,2023,211.41
agoyan,621014469,02-11,7,1940,2023,374.911
manduriacu,670078161,02-11,7,1940,2023,559.346
minas_san_francisco,670027091,02-11,7,1940,2023,215.965
agoyan,621014469,02-12,7,1940,2023,366.514
manduriacu,670078161,02-12,7,1940,2023,538.077
minas_san_francisco,670027091,02-12,7,1940,2023,212.368
agoyan,621014469,02-13,7,1940,2023,358.101
manduriacu,670078161,02-13,7,1940,2023,535.853
minas_san_francisco,670027091,02-13,7,1940,2023,204.156
agoyan,621014469,02-14,7,1940,2023,371.546
manduriacu,670078161,02-14,7,1940,2023,541.522
minas_san_francisco,670027091,02-14,7,1940,2023,213.403
agoyan,621014469,02-15,7,1940,2023,369.146
manduriacu,670078161,02-15,7,1940,2023,553.861
minas_san_francisco,670027091,02-15,7,1940,2023,217.518
agoyan,621014469,02-16,7,1940,2023,381.256
manduriacu,670078161,02-16,7,1940,2023,546.682
minas_san_francisco,670027091,02-16,7,1940,2023,227.229
agoyan,621014469,02-17,7,1940,2023,381.013
manduriacu,670078161,02-17,7,1940,2023,539.468
minas_san_francisco,670027091,02-17,7,1940,2023,239.996
agoyan,621014469,02-18,7,1940,2023,391.39
manduriacu,670078161,02-18,7,1940,2023,550.455
minas_san_francisco,670027091,02-18,7,1940,2023,241.113
agoyan,621014469,02-19,7,1940,2023,394.055
manduriacu,670078161,02-19,7,1940,2023,565.758
minas_san_francisco,670027091,02-19,7,1940,2023,245.128
agoyan,621014469,02-20,7,1940,2023,410.169
manduriacu,670078161,02-20,7,1940,2023,579.682
minas_san_francisco,670027091,02-20,7,1940,2023,236.011
agoyan,621014469,02-21,7,1940,2023,432.833
manduriacu,670078161,02-21,7,1940,2023,565.641
minas_san_francisco,670027091,02-21,7,1940,2023,226.362
agoyan,621014469,02-22,7,1940,2023,442.733
manduriacu,670078161,02-22,7,1940,2023,578.303
minas_san_francisco,670027091,02-22,7,1940,2023,250.864
agoyan,621014469,02-23,7,1940,2023,434.059
manduriacu,670078161,02-23,7,1940,2023,586.733
minas_san_francisco,670027091,02-23,7,1940,2023,249.281
agoyan,621014469,02-24,7,1940,2023,444.712
manduriacu,670078161,02-24,7,1940,2023,591.187
minas_san_francisco,670027091,02-24,7,1940,2023,240.063
agoyan,621014469,02-25,7,1940,2023,437.872
manduriacu,670078161,02-25,7,1940,2023,587.184
minas_san_francisco,670027091,02-25,7,1940,2023,232.819
agoyan,621014469,02-26,7,1940,2023,432.943
manduriacu,670078161,02-26,7,1940,2023,577.953
minas_san_francisco,670027091,02-26,7,1940,2023,243.344
agoyan,621014469,02-27,7,1940,2023,428.675
manduriacu,670078161,02-27,7,1940,2023,583.021
minas_san_francisco,670027091,02-27,7,1940,2023,243.136
agoyan,621014469,02-28,7,1940,2023,425.683
manduriacu,670078161,02-28,7,1940,2023,582.144
minas_san_francisco,670027091,02-28,7,1940,2023,241.099
agoyan,621014469,03-01,7,1940,2023,433.819
manduriacu,670078161,03-01,7,1940,2023,598.604
minas_san_francisco,670027091,03-01,7,1940,2023,243.869
agoyan,621014469,03-02,7,1940,2023,445.502
manduriacu,670078161,03-02,7,1940,2023,577.365
minas_san_francisco,670027091,03-02,7,1940,2023,238.635
agoyan,621014469,03-03,7,1940,2023,455.802
manduriacu,670078161,03-03,7,1940,2023,593.107
minas_san_francisco,670027091,03-03,7,1940,2023,241.573
agoyan,621014469,03-04,7,1940,2023,458.89
manduriacu,670078161,03-04,7,1940,2023,586.713
minas_san_francisco,670027091,03-04,7,1940,2023,238.643
agoyan,621014469,03-05,7,1940,2023,455.605
manduriacu,670078161,03-05,7,1940,2023,600.393
minas_san_francisco,670027091,03-05,7,1940,2023,239.03
agoyan,621014469,03-06,7,1940,2023,459.396
manduriacu,670078161,03-06,7,1940,2023,610.147
minas_san_francisco,670027091,03-06,7,1940,2023,235.663
agoyan,621014469,03-07,7,1940,2023,451.817
manduriacu,670078161,03-07,7,1940,2023,601.626
minas_san_francisco,670027091,03-07,7,1940,2023,235.802
agoyan,621014469,03-08,7,1940,2023,438.887
manduriacu,670078161,03-08,7,1940,2023,600.776
minas_san_francisco,670027091,03-08,7,1940,2023,231.349
agoyan,621014469,03-09,7,1940,2023,444.162
manduriacu,670078161,03-09,7,1940,2023,617.493
minas_san_francisco,670027091,03-09,7,1940,2023,240.415
agoyan,621014469,03-10,7,1940,2023,450.576
manduriacu,670078161,03-10,7,1940,2023,603.12
minas_san_francisco,670027091,03-10,7,1940,2023,236.412
agoyan,621014469,03-11,7,1940,2023,445.826
manduriacu,670078161,03-11,7,1940,2023,601.25
minas_san_francisco,670027091,03-11,7,1940,2023,234.979
agoyan,621014469,03-12,7,1940,2023,449.112
manduriacu,670078161,03-12,7,1940,2023,608.983
minas_san_francisco,670027091,03-12,7,1940,2023,246.841
agoyan,621014469,03-13,7,1940,2023,463.192
manduriacu,670078161,03-13,7,1940,2023,601.701
minas_san_francisco,670027091,03-13,7,1940,2023,257.65
agoyan,621014469,03-14,7,1940,2023,471.263
manduriacu,670078161,03-14,7,1940,2023,609.165
minas_san_francisco,670027091,03-14,7,1940,2023,259.605
agoyan,621014469,03-15,7,1940,2023,484.801
manduriacu,670078161,03-15,7,1940,2023,602.66
minas_san_francisco,670027091,03-15,7,1940,2023,253.858
agoyan,621014469,03-16,7,1940,2023,481.117
manduriacu,670078161,03-16,7,1940,2023,618.812
minas_san_francisco,670027091,03-16,7,1940,2023,240.344
agoyan,621014469,03-17,7,1940,2023,480.595
manduriacu,670078161,03-17,7,1940,2023,613.407
minas_san_francisco,670027091,03-17,7,1940,2023,238.963
agoyan,621014469,03-18,7,1940,2023,489.188
manduriacu,670078161,03-18,7,1940,2023,625.652
minas_san_francisco,670027091,03-18,7,1940,2023,235.715
agoyan,621014469,03-19,7,1940,2023,484.836
manduriacu,670078161,03-19,7,1940,2023,617.737
minas_san_francisco,670027091,03-19,7,1940,2023,230.341
agoyan,621014469,03-20,7,1940,2023,488.706
manduriacu,670078161,03-20,7,1940,2023,625.513
minas_san_francisco,670027091,03-20,7,1940,2023,227.592
agoyan,621014469,03-21,7,1940,2023,494.005
manduriacu,670078161,03-21,7,1940,2023,625.739
minas_san_francisco,670027091,03-21,7,1940,2023,227.268
agoyan,621014469,03-22,7,1940,2023,484.329
manduriacu,670078161,03-22,7,1940,2023,619.323
minas_san_francisco,670027091,03-22,7,1940,2023,233.153
agoyan,621014469,03-23,7,1940,2023,487.96
manduriacu,670078161,03-23,7,1940,2023,613.733
minas_san_francisco,670027091,03-23,7,1940,2023,229.504
agoyan,621014469,03-24,7,1940,2023,496.696
manduriacu,670078161,03-24,7,1940,2023,626.731
minas_san_francisco,670027091,03-24,7,1940,2023,233.156
agoyan,621014469,03-25,7,1940,2023,493.453
manduriacu,670078161,03-25,7,1940,2023,622.55
minas_san_francisco,670027091,03-25,7,1940,2023,233.163
agoyan,621014469,03-26,7,1940,2023,503.327
manduriacu,670078161,03-26,7,1940,2023,622.892
minas_san_francisco,670027091,03-26,7,1940,2023,223.71
agoyan,621014469,03-27,7,1940,2023,480.479
manduriacu,670078161,03-27,7,1940,2023,627.497
minas_san_francisco,670027091,03-27,7,1940,2023,222.39
agoyan,621014469,03-28,7,1940,2023,481.461
manduriacu,670078161,03-28,7,1940,2023,629.54
minas_san_francisco,670027091,03-28,7,1940,2023,232.015
agoyan,621014469,03-29,7,1940,2023,466.762
manduriacu,670078161,03-29,7,1940,2023,626.465
minas_san_francisco,670027091,03-29,7,1940,2023,232.894
agoyan,621014469,03-30,7,1940,2023,476.228
manduriacu,670078161,03-30,7,1940,2023,643.881
minas_san_francisco,670027091,03-30,7,1940,2023,233.823
agoyan,621014469,03-31,7,1940,2023,484.427
manduriacu,670078161,03-31,7,1940,2023,646.584
minas_san_francisco,670027091,03-31,7,1940,2023,231.528
agoyan,621014469,04-01,7,1940,2023,501.64
manduriacu,670078161,04-01,7,1940,2023,645.867
minas_san_francisco,670027091,04-01,7,1940,2023,233.884
agoyan,621014469,04-02,7,1940,2023,498.45
manduriacu,670078161,04-02,7,1940,2023,642.745
minas_san_francisco,670027091,04-02,7,1940,2023,233.012
agoyan,621014469,04-03,7,1940,2023,487.439
manduriacu,670078161,04-03,7,1940,2023,659.026
minas_san_francisco,670027091,04-03,7,1940,2023,229.704
agoyan,621014469,04-04,7,1940,2023,492.061
manduriacu,670078161,04-04,7,1940,2023,655.994
minas_san_francisco,670027091,04-04,7,1940,2023,219.627
agoyan,621014469,04-05,7,1940,2023,490.085
manduriacu,670078161,04-05,7,1940,2023,660.809
minas_san_francisco,670027091,04-05,7,1940,2023,213.669
agoyan,621014469,04-06,7,1940,2023,478.152
manduriacu,670078161,04-06,7,1940,2023,664.871
minas_san_francisco,670027091,04-06,7,1940,2023,221.895
agoyan,621014469,04-07,7,1940,2023,475.128
manduriacu,670078161,04-07,7,1940,2023,648.75
minas_san_francisco,670027091,04-07,7,1940,2023,217.242
agoyan,621014469,04-08,7,1940,2023,477.707
manduriacu,670078161,04-08,7,1940,2023,642.996
minas_san_francisco,670027091,04-08,7,1940,2023,224.965
agoyan,621014469,04-09,7,1940,2023,493.074
manduriacu,670078161,04-09,7,1940,2023,641.209
minas_san_francisco,670027091,04-09,7,1940,2023,216.153
agoyan,621014469,04-10,7,1940,2023,500.891
manduriacu,670078161,04-10,7,1940,2023,629.38
minas_san_francisco,670027091,04-10,7,1940,2023,207.457
agoyan,621014469,04-11,7,1940,2023,524.29
manduriacu,670078161,04-11,7,1940,2023,653.632
minas_san_francisco,670027091,04-11,7,1940,2023,220.487
agoyan,621014469,04-12,7,1940,2023,517.286
manduriacu,670078161,04-12,7,1940,2023,667.578
minas_san_francisco,670027091,04-12,7,1940,2023,209.255
agoyan,621014469,04-13,7,1940,2023,514.332
manduriacu,670078161,04-13,7,1940,2023,676.125
minas_san_francisco,670027091,04-13,7,1940,2023,213.519
agoyan,621014469,04-14,7,1940,2023,503.894
manduriacu,670078161,04-14,7,1940,2023,689.114
minas_san_francisco,670027091,04-14,7,1940,2023,203.611
agoyan,621014469,04-15,7,1940,2023,512.173
manduriacu,670078161,04-15,7,1940,2023,687.58
minas_san_francisco,670027091,04-15,7,1940,2023,206.645
agoyan,621014469,04-16,7,1940,2023,499.075
manduriacu,670078161,04-16,7,1940,2023,680.417
minas_san_francisco,670027091,04-16,7,1940,2023,200.18
agoyan,621014469,04-17,7,1940,2023,498.898
manduriacu,670078161,04-17,7,1940,2023,696.221
minas_san_francisco,670027091,04-17,7,1940,2023,201.221
agoyan,621014469,04-18,7,1940,2023,503.728
manduriacu,670078161,04-18,7,1940,2023,690.707
minas_san_francisco,670027091,04-18,7,1940,2023,201.207
agoyan,621014469,04-19,7,1940,2023,501.244
manduriacu,670078161,04-19,7,1940,2023,683.199
minas_san_francisco,670027091,04-19,7,1940,2023,198.452
agoyan,621014469,04-20,7,1940,2023,485.031
manduriacu,670078161,04-20,7,1940,2023,667.887
minas_san_francisco,670027091,04-20,7,1940,2023,195.601
agoyan,621014469,04-21,7,1940,2023,487.411
manduriacu,670078161,04-21,7,1940,2023,666.545
minas_san_francisco,670027091,04-21,7,1940,2023,200.828
agoyan,621014469,04-22,7,1940,2023,492.223
manduriacu,670078161,04-22,7,1940,2023,676.035
minas_san_francisco,670027091,04-22,7,1940,2023,200.884
agoyan,621014469,04-23,7,1940,2023,492.707
manduriacu,670078161,04-23,7,1940,2023,687.822
minas_san_francisco,670027091,04-23,7,1940,2023,200.299
agoyan,621014469,04-24,7,1940,2023,485.567
manduriacu,670078161,04-24,7,1940,2023,694.466
minas_san_francisco,670027091,04-24,7,1940,2023,202.224
agoyan,621014469,04-25,7,1940,2023,486.527
manduriacu,670078161,04-25,7,1940,2023,697.08
minas_san_francisco,670027091,04-25,7,1940,2023,205.765
agoyan,621014469,04-26,7,1940,2023,486.8
manduriacu,670078161,04-26,7,1940,2023,687.703
minas_san_francisco,670027091,04-26,7,1940,2023,201.679
agoyan,621014469,04-27,7,1940,2023,488.653
manduriacu,670078161,04-27,7,1940,2023,696.093
minas_san_francisco,670027091,04-27,7,1940,2023,192.428
agoyan,621014469,04-28,7,1940,2023,469.529
manduriacu,670078161,04-28,7,1940,2023,684.963
minas_san_francisco,670027091,04-28,7,1940,2023,189.483
agoyan,621014469,04-29,7,1940,2023,466.475
manduriacu,670078161,04-29,7,1940,2023,677.892
minas_san_francisco,670027091,04-29,7,1940,2023,183.986
agoyan,621014469,04-30,7,1940,2023,453.327
manduriacu,670078161,04-30,7,1940,2023,671.127
minas_san_francisco,670027091,04-30,7,1940,2023,180.793
agoyan,621014469,05-01,7,1940,2023,457.813
manduriacu,670078161,05-01,7,1940,2023,654.919
minas_san_francisco,670027091,05-01,7,1940,2023,175.186
agoyan,621014469,05-02,7,1940,2023,443.309
manduriacu,670078161,05-02,7,1940,2023,631.88
minas_san_francisco,670027091,05-02,7,1940,2023,173.507
agoyan,621014469,05-03,7,1940,2023,425.719
manduriacu,670078161,05-03,7,1940,2023,612.086
minas_san_francisco,670027091,05-03,7,1940,2023,162.578
agoyan,621014469,05-04,7,1940,2023,415.374
manduriacu,670078161,05-04,7,1940,2023,603.626
minas_san_francisco,670027091,05-04,7,1940,2023,162.748
agoyan,621014469,05-05,7,1940,2023,410.828
manduriacu,670078161,05-05,7,1940,2023,602.037
minas_san_francisco,670027091,05-05,7,1940,2023,154.985
agoyan,621014469,05-06,7,1940,2023,400.133
manduriacu,670078161,05-06,7,1940,2023,589.171
minas_san_francisco,670027091,05-06,7,1940,2023,153.414
agoyan,621014469,05-07,7,1940,2023,389.57
manduriacu,670078161,05-07,7,1940,2023,583.194
minas_san_francisco,670027091,05-07,7,1940,2023,146.071
agoyan,621014469,05-08,7,1940,2023,387.474
manduriacu,670078161,05-08,7,1940,2023,574.57
minas_san_francisco,670027091,05-08,7,1940,2023,143.766
agoyan,621014469,05-09,7,1940,2023,390.039
manduriacu,670078161,05-09,7,1940,2023,568.817
minas_san_francisco,670027091,05-09,7,1940,2023,140.539
agoyan,621014469,05-10,7,1940,2023,378.6
manduriacu,670078161,05-10,7,1940,2023,573.315
minas_san_francisco,670027091,05-10,7,1940,2023,140.917
agoyan,621014469,05-11,7,1940,2023,373.024
manduriacu,670078161,05-11,7,1940,2023,587.502
minas_san_francisco,670027091,05-11,7,1940,2023,139.016
agoyan,621014469,05-12,7,1940,2023,369.721
manduriacu,670078161,05-12,7,1940,2023,571.162
minas_san_francisco,670027091,05-12,7,1940,2023,138.262
agoyan,621014469,05-13,7,1940,2023,372.98
manduriacu,670078161,05-13,7,1940,2023,563.845
minas_san_francisco,670027091,05-13,7,1940,2023,134.573
agoyan,621014469,05-14,7,1940,2023,368.218
manduriacu,670078161,05-14,7,1940,2023,580.446
minas_san_francisco,670027091,05-14,7,1940,2023,137.042
agoyan,621014469,05-15,7,1940,2023,362.384
manduriacu,670078161,05-15,7,1940,2023,565.854
minas_san_francisco,670027091,05-15,7,1940,2023,140.902
agoyan,621014469,05-16,7,1940,2023,355.405
manduriacu,670078161,05-16,7,1940,2023,545.794
minas_san_francisco,670027091,05-16,7,1940,2023,137.851
agoyan,621014469,05-17,7,1940,2023,351.892
manduriacu,670078161,05-17,7,1940,2023,545.563
minas_san_francisco,670027091,05-17,7,1940,2023,134.694
agoyan,621014469,05-18,7,1940,2023,346.229
manduriacu,670078161,05-18,7,1940,2023,546.727
minas_san_francisco,670027091,05-18,7,1940,2023,134.846
agoyan,621014469,05-19,7,1940,2023,346.61
manduriacu,670078161,05-19,7,1940,2023,541.24
minas_san_francisco,670027091,05-19,7,1940,2023,128.743
agoyan,621014469,05-20,7,1940,2023,340.298
manduriacu,670078161,05-20,7,1940,2023,539.702
minas_san_francisco,670027091,05-20,7,1940,2023,127.643
agoyan,621014469,05-21,7,1940,2023,334.256
manduriacu,670078161,05-21,7,1940,2023,543.66
minas_san_francisco,670027091,05-21,7,1940,2023,129.747
agoyan,621014469,05-22,7,1940,2023,348.683
manduriacu,670078161,05-22,7,1940,2023,535.04
minas_san_francisco,670027091,05-22,7,1940,2023,128.795
agoyan,621014469,05-23,7,1940,2023,352.346
manduriacu,670078161,05-23,7,1940,2023,519.124
minas_san_francisco,670027091,05-23,7,1940,2023,125.485
agoyan,621014469,05-24,7,1940,2023,330.34
manduriacu,670078161,05-24,7,1940,2023,512.5
minas_san_francisco,670027091,05-24,7,1940,2023,123.994
agoyan,621014469,05-25,7,1940,2023,326.873
manduriacu,670078161,05-25,7,1940,2023,522.155
minas_san_francisco,670027091,05-25,7,1940,2023,118.457
agoyan,621014469,05-26,7,1940,2023,323.511
manduriacu,670078161,05-26,7,1940,2023,500.498
minas_san_francisco,670027091,05-26,7,1940,2023,114.492
agoyan,621014469,05-27,7,1940,2023,315.302
manduriacu,670078161,05-27,7,1940,2023,486.596
minas_san_francisco,670027091,05-27,7,1940,2023,113.784
agoyan,621014469,05-28,7,1940,2023,313.305
manduriacu,670078161,05-28,7,1940,2023,476.944
minas_san_francisco,670027091,05-28,7,1940,2023,113.378
agoyan,621014469,05-29,7,1940,2023,304.67
manduriacu,670078161,05-29,7,1940,2023,456.932
minas_san_francisco,670027091,05-29,7,1940,2023,107.13
agoyan,621014469,05-30,7,1940,2023,298.937
manduriacu,670078161,05-30,7,1940,2023,450.986
minas_san_francisco,670027091,05-30,7,1940,2023,106.326
agoyan,621014469,05-31,7,1940,2023,304.548
manduriacu,670078161,05-31,7,1940,2023,454.059
minas_san_francisco,670027091,05-31,7,1940,2023,100.879
agoyan,621014469,06-01,7,1940,2023,298.75
manduriacu,670078161,06-01,7,1940,2023,446.103
minas_san_francisco,670027091,06-01,7,1940,2023,99.743
agoyan,621014469,06-02,7,1940,2023,293.014
manduriacu,670078161,06-02,7,1940,2023,442.369
minas_san_francisco,670027091,06-02,7,1940,2023,98.28
agoyan,621014469,06-03,7,1940,2023,284.225
manduriacu,670078161,06-03,7,1940,2023,442.568
minas_san_francisco,670027091,06-03,7,1940,2023,99.862
agoyan,621014469,06-04,7,1940,2023,280.643
manduriacu,670078161,06-04,7,1940,2023,436.769
minas_san_francisco,670027091,06-04,7,1940,2023,97.755
agoyan,621014469,06-05,7,1940,2023,277.146
manduriacu,670078161,06-05,7,1940,2023,430.358
minas_san_francisco,670027091,06-05,7,1940,2023,96.068
agoyan,621014469,06-06,7,1940,2023,267.711
manduriacu,670078161,06-06,7,1940,2023,435.244
minas_san_francisco,670027091,06-06,7,1940,2023,97.244
agoyan,621014469,06-07,7,1940,2023,265.992
manduriacu,670078161,06-07,7,1940,2023,415.564
minas_san_francisco,670027091,06-07,7,1940,2023,95.804
agoyan,621014469,06-08,7,1940,2023,266.412
manduriacu,670078161,06-08,7,1940,2023,412.275
minas_san_francisco,670027091,06-08,7,1940,2023,92.261
agoyan,621014469,06-09,7,1940,2023,265.754
manduriacu,670078161,06-09,7,1940,2023,402.047
minas_san_francisco,670027091,06-09,7,1940,2023,89.267
agoyan,621014469,06-10,7,1940,2023,260.622
manduriacu,670078161,06-10,7,1940,2023,410.161
minas_san_francisco,670027091,06-10,7,1940,2023,85.547
agoyan,621014469,06-11,7,1940,2023,252.745
manduriacu,670078161,06-11,7,1940,2023,403.678
minas_san_francisco,670027091,06-11,7,1940,2023,86.075
agoyan,621014469,06-12,7,1940,2023,255.007
manduriacu,670078161,06-12,7,1940,2023,393.166
minas_san_francisco,670027091,06-12,7,1940,2023,83.88
agoyan,621014469,06-13,7,1940,2023,256.266
manduriacu,670078161,06-13,7,1940,2023,391.072
minas_san_francisco,670027091,06-13,7,1940,2023,79.262
agoyan,621014469,06-14,7,1940,2023,260.552
manduriacu,670078161,06-14,7,1940,2023,386.513
minas_san_francisco,670027091,06-14,7,1940,2023,78.862
agoyan,621014469,06-15,7,1940,2023,262.981
manduriacu,670078161,06-15,7,1940,2023,382.931
minas_san_francisco,670027091,06-15,7,1940,2023,78.055
agoyan,621014469,06-16,7,1940,2023,255.543
manduriacu,670078161,06-16,7,1940,2023,375.032
minas_san_francisco,670027091,06-16,7,1940,2023,77.671
agoyan,621014469,06-17,7,1940,2023,257.002
manduriacu,670078161,06-17,7,1940,2023,367.794
minas_san_francisco,670027091,06-17,7,1940,2023,78.968
agoyan,621014469,06-18,7,1940,2023,251.387
manduriacu,670078161,06-18,7,1940,2023,366.786
minas_san_francisco,670027091,06-18,7,1940,2023,77.364
agoyan,621014469,06-19,7,1940,2023,237.798
manduriacu,670078161,06-19,7,1940,2023,376.91
minas_san_francisco,670027091,06-19,7,1940,2023,76.732
agoyan,621014469,06-20,7,1940,2023,233.187
manduriacu,670078161,06-20,7,1940,2023,368.13
minas_san_francisco,670027091,06-20,7,1940,2023,77.093
agoyan,621014469,06-21,7,1940,2023,232.537
manduriacu,670078161,06-21,7,1940,2023,357.664
minas_san_francisco,670027091,06-21,7,1940,2023,76.129
agoyan,621014469,06-22,7,1940,2023,230.798
manduriacu,670078161,06-22,7,1940,2023,354.5
minas_san_francisco,670027091,06-22,7,1940,2023,74.961
agoyan,621014469,06-23,7,1940,2023,226.56
manduriacu,670078161,06-23,7,1940,2023,345.723
minas_san_francisco,670027091,06-23,7,1940,2023,75.678
agoyan,621014469,06-24,7,1940,2023,223.049
manduriacu,670078161,06-24,7,1940,2023,348.429
minas_san_francisco,670027091,06-24,7,1940,2023,73.782
agoyan,621014469,06-25,7,1940,2023,225.539
manduriacu,670078161,06-25,7,1940,2023,346.446
minas_san_francisco,670027091,06-25,7,1940,2023,73.098
agoyan,621014469,06-26,7,1940,2023,227.427
manduriacu,670078161,06-26,7,1940,2023,346.12
minas_san_francisco,670027091,06-26,7,1940,2023,68.137
agoyan,621014469,06-27,7,1940,2023,228.221
manduriacu,670078161,06-27,7,1940,2023,349.364
minas_san_francisco,670027091,06-27,7,1940,2023,67.904
agoyan,621014469,06-28,7,1940,2023,227.482
manduriacu,670078161,06-28,7,1940,2023,354.029
minas_san_francisco,670027091,06-28,7,1940,2023,67.361
agoyan,621014469,06-29,7,1940,2023,228.146
manduriacu,670078161,06-29,7,1940,2023,355.622
minas_san_francisco,670027091,06-29,7,1940,2023,66.896
agoyan,621014469,06-30,7,1940,2023,223.322
manduriacu,670078161,06-30,7,1940,2023,349.669
minas_san_francisco,670027091,06-30,7,1940,2023,65.792
agoyan,621014469,07-01,7,1940,2023,221.233
manduriacu,670078161,07-01,7,1940,2023,348.582
minas_san_francisco,670027091,07-01,7,1940,2023,64.918
agoyan,621014469,07-02,7,1940,2023,217.879
manduriacu,670078161,07-02,7,1940,2023,346.586
minas_san_francisco,670027091,07-02,7,1940,2023,65.546
agoyan,621014469,07-03,7,1940,2023,211.579
manduriacu,670078161,07-03,7,1940,2023,331.863
minas_san_francisco,670027091,07-03,7,1940,2023,63.904
agoyan,621014469,07-04,7,1940,2023,207.086
manduriacu,670078161,07-04,7,1940,2023,317.549
minas_san_francisco,670027091,07-04,7,1940,2023,62.511
agoyan,621014469,07-05,7,1940,2023,207.994
manduriacu,670078161,07-05,7,1940,2023,312.202
minas_san_francisco,670027091,07-05,7,1940,2023,62.152
agoyan,621014469,07-06,7,1940,2023,205.701
manduriacu,670078161,07-06,7,1940,2023,314.519
minas_san_francisco,670027091,07-06,7,1940,2023,60.98
agoyan,621014469,07-07,7,1940,2023,206.678
manduriacu,670078161,07-07,7,1940,2023,308.732
minas_san_francisco,670027091,07-07,7,1940,2023,60.619
agoyan,621014469,07-08,7,1940,2023,203.387
manduriacu,670078161,07-08,7,1940,2023,306.492
minas_san_francisco,670027091,07-08,7,1940,2023,59.748
agoyan,621014469,07-09,7,1940,2023,204.423
manduriacu,670078161,07-09,7,1940,2023,309.672
minas_san_francisco,670027091,07-09,7,1940,2023,59.197
agoyan,621014469,07-10,7,1940,2023,203.737
manduriacu,670078161,07-10,7,1940,2023,310.64
minas_san_francisco,670027091,07-10,7,1940,2023,57.683
agoyan,621014469,07-11,7,1940,2023,202.4
manduriacu,670078161,07-11,7,1940,2023,308.726
minas_san_francisco,670027091,07-11,7,1940,2023,56.899
agoyan,621014469,07-12,7,1940,2023,200.684
manduriacu,670078161,07-12,7,1940,2023,300.426
minas_san_francisco,670027091,07-12,7,1940,2023,56.069
agoyan,621014469,07-13,7,1940,2023,197.716
manduriacu,670078161,07-13,7,1940,2023,297.72
minas_san_francisco,670027091,07-13,7,1940,2023,56.084
agoyan,621014469,07-14,7,1940,2023,194.649
manduriacu,670078161,07-14,7,1940,2023,294.459
minas_san_francisco,670027091,07-14,7,1940,2023,54.607
agoyan,621014469,07-15,7,1940,2023,191.173
manduriacu,670078161,07-15,7,1940,2023,293.017
minas_san_francisco,670027091,07-15,7,1940,2023,53.888
agoyan,621014469,07-16,7,1940,2023,193.687
manduriacu,670078161,07-16,7,1940,2023,289.375
minas_san_francisco,670027091,07-16,7,1940,2023,53.145
agoyan,621014469,07-17,7,1940,2023,196.088
manduriacu,670078161,07-17,7,1940,2023,291.063
minas_san_francisco,670027091,07-17,7,1940,2023,50.61
agoyan,621014469,07-18,7,1940,2023,186.852
manduriacu,670078161,07-18,7,1940,2023,291.389
minas_san_francisco,670027091,07-18,7,1940,2023,50.176
agoyan,621014469,07-19,7,1940,2023,184.726
manduriacu,670078161,07-19,7,1940,2023,291.019
minas_san_francisco,670027091,07-19,7,1940,2023,49.182
agoyan,621014469,07-20,7,1940,2023,186.72
manduriacu,670078161,07-20,7,1940,2023,285.586
minas_san_francisco,670027091,07-20,7,1940,2023,48.007
agoyan,621014469,07-21,7,1940,2023,185.526
manduriacu,670078161,07-21,7,1940,2023,281.795
minas_san_francisco,670027091,07-21,7,1940,2023,47.401
agoyan,621014469,07-22,7,1940,2023,182.218
manduriacu,670078161,07-22,7,1940,2023,279.75
minas_san_francisco,670027091,07-22,7,1940,2023,47.773
agoyan,621014469,07-23,7,1940,2023,182.282
manduriacu,670078161,07-23,7,1940,2023,282.74
minas_san_francisco,670027091,07-23,7,1940,2023,48.391
agoyan,621014469,07-24,7,1940,2023,181.7
manduriacu,670078161,07-24,7,1940,2023,276.56
minas_san_francisco,670027091,07-24,7,1940,2023,48.27
agoyan,621014469,07-25,7,1940,2023,178.161
manduriacu,670078161,07-25,7,1940,2023,274.082
minas_san_francisco,670027091,07-25,7,1940,2023,48.086
agoyan,621014469,07-26,7,1940,2023,179.066
manduriacu,670078161,07-26,7,1940,2023,280.535
minas_san_francisco,670027091,07-26,7,1940,2023,46.7
agoyan,621014469,07-27,7,1940,2023,179.245
manduriacu,670078161,07-27,7,1940,2023,285.504
minas_san_francisco,670027091,07-27,7,1940,2023,45.249
agoyan,621014469,07-28,7,1940,2023,176.052
manduriacu,670078161,07-28,7,1940,2023,286.685
minas_san_francisco,670027091,07-28,7,1940,2023,45.744
agoyan,621014469,07-29,7,1940,2023,173.505
manduriacu,670078161,07-29,7,1940,2023,281.245
minas_san_francisco,670027091,07-29,7,1940,2023,45.057
agoyan,621014469,07-30,7,1940,2023,170.889
manduriacu,670078161,07-30,7,1940,2023,280.561
minas_san_francisco,670027091,07-30,7,1940,2023,43.898
agoyan,621014469,07-31,7,1940,2023,167.943
manduriacu,670078161,07-31,7,1940,2023,279.198
minas_san_francisco,670027091,07-31,7,1940,2023,42.348
agoyan,621014469,08-01,7,1940,2023,166.043
manduriacu,670078161,08-01,7,1940,2023,277.939
minas_san_francisco,670027091,08-01,7,1940,2023,41.269
agoyan,621014469,08-02,7,1940,2023,162.615
manduriacu,670078161,08-02,7,1940,2023,276.588
minas_san_francisco,670027091,08-02,7,1940,2023,40.977
agoyan,621014469,08-03,7,1940,2023,157.474
manduriacu,670078161,08-03,7,1940,2023,271.418
minas_san_francisco,670027091,08-03,7,1940,2023,41.425
agoyan,621014469,08-04,7,1940,2023,157.278
manduriacu,670078161,08-04,7,1940,2023,270.036
minas_san_francisco,670027091,08-04,7,1940,2023,41.723
agoyan,621014469,08-05,7,1940,2023,155.724
manduriacu,670078161,08-05,7,1940,2023,268.887
minas_san_francisco,670027091,08-05,7,1940,2023,43.612
agoyan,621014469,08-06,7,1940,2023,152.693
manduriacu,670078161,08-06,7,1940,2023,263.875
minas_san_francisco,670027091,08-06,7,1940,2023,42.691
agoyan,621014469,08-07,7,1940,2023,152.214
manduriacu,670078161,08-07,7,1940,2023,262.342
minas_san_francisco,670027091,08-07,7,1940,2023,43.548
agoyan,621014469,08-08,7,1940,2023,155.777
manduriacu,670078161,08-08,7,1940,2023,262.912
minas_san_francisco,670027091,08-08,7,1940,2023,43.962
agoyan,621014469,08-09,7,1940,2023,155.605
manduriacu,670078161,08-09,7,1940,2023,261.758
minas_san_francisco,670027091,08-09,7,1940,2023,43.973
agoyan,621014469,08-10,7,1940,2023,153.901
manduriacu,670078161,08-10,7,1940,2023,266.104
minas_san_francisco,670027091,08-10,7,1940,2023,44.905
agoyan,621014469,08-11,7,1940,2023,153.914
manduriacu,670078161,08-11,7,1940,2023,269.021
minas_san_francisco,670027091,08-11,7,1940,2023,44.137
agoyan,621014469,08-12,7,1940,2023,154.689
manduriacu,670078161,08-12,7,1940,2023,269.724
minas_san_francisco,670027091,08-12,7,1940,2023,43.891
agoyan,621014469,08-13,7,1940,2023,150.781
manduriacu,670078161,08-13,7,1940,2023,268.907
minas_san_francisco,670027091,08-13,7,1940,2023,43.873
agoyan,621014469,08-14,7,1940,2023,150.752
manduriacu,670078161,08-14,7,1940,2023,270.435
minas_san_francisco,670027091,08-14,7,1940,2023,44.408
agoyan,621014469,08-15,7,1940,2023,147.549
manduriacu,670078161,08-15,7,1940,2023,271.651
minas_san_francisco,670027091,08-15,7,1940,2023,43.745
agoyan,621014469,08-16,7,1940,2023,148.467
manduriacu,670078161,08-16,7,1940,2023,270.756
minas_san_francisco,670027091,08-16,7,1940,2023,43.315
agoyan,621014469,08-17,7,1940,2023,144.15
manduriacu,670078161,08-17,7,1940,2023,271.804
minas_san_francisco,670027091,08-17,7,1940,2023,42.017
agoyan,621014469,08-18,7,1940,2023,141.094
manduriacu,670078161,08-18,7,1940,2023,269.091
minas_san_francisco,670027091,08-18,7,1940,2023,42.069
agoyan,621014469,08-19,7,1940,2023,138.324
manduriacu,670078161,08-19,7,1940,2023,267.499
minas_san_francisco,670027091,08-19,7,1940,2023,43.455
agoyan,621014469,08-20,7,1940,2023,134.197
manduriacu,670078161,08-20,7,1940,2023,272.405
minas_san_francisco,670027091,08-20,7,1940,2023,43.523
agoyan,621014469,08-21,7,1940,2023,133.86
manduriacu,670078161,08-21,7,1940,2023,280.581
minas_san_francisco,670027091,08-21,7,1940,2023,43.309
agoyan,621014469,08-22,7,1940,2023,134.626
manduriacu,670078161,08-22,7,1940,2023,287.799
minas_san_francisco,670027091,08-22,7,1940,2023,43.288
agoyan,621014469,08-23,7,1940,2023,134.411
manduriacu,670078161,08-23,7,1940,2023,287.845
minas_san_francisco,670027091,08-23,7,1940,2023,43.546
agoyan,621014469,08-24,7,1940,2023,131.937
manduriacu,670078161,08-24,7,1940,2023,283.742
minas_san_francisco,670027091,08-24,7,1940,2023,43.321
agoyan,621014469,08-25,7,1940,2023,132.624
manduriacu,670078161,08-25,7,1940,2023,286.079
minas_san_francisco,670027091,08-25,7,1940,2023,43.881
agoyan,621014469,08-26,7,1940,2023,134.274
manduriacu,670078161,08-26,7,1940,2023,287.001
minas_san_francisco,670027091,08-26,7,1940,2023,45.535
agoyan,621014469,08-27,7,1940,2023,132.19
manduriacu,670078161,08-27,7,1940,2023,280.351
minas_san_francisco,670027091,08-27,7,1940,2023,44.442
agoyan,621014469,08-28,7,1940,2023,130.713
manduriacu,670078161,08-28,7,1940,2023,276.982
minas_san_francisco,670027091,08-28,7,1940,2023,44.892
agoyan,621014469,08-29,7,1940,2023,132.121
manduriacu,670078161,08-29,7,1940,2023,280.889
minas_san_francisco,670027091,08-29,7,1940,2023,45.318
agoyan,621014469,08-30,7,1940,2023,127.876
manduriacu,670078161,08-30,7,1940,2023,276.639
minas_san_francisco,670027091,08-30,7,1940,2023,45.851
agoyan,621014469,08-31,7,1940,2023,127.988
manduriacu,670078161,08-31,7,1940,2023,280.848
minas_san_francisco,670027091,08-31,7,1940,2023,44.724
agoyan,621014469,09-01,7,1940,2023,126.938
manduriacu,670078161,09-01,7,1940,2023,283.378
minas_san_francisco,670027091,09-01,7,1940,2023,45.07
agoyan,621014469,09-02,7,1940,2023,128.396
manduriacu,670078161,09-02,7,1940,2023,287.339
minas_san_francisco,670027091,09-02,7,1940,2023,46.976
agoyan,621014469,09-03,7,1940,2023,128.385
manduriacu,670078161,09-03,7,1940,2023,287.867
minas_san_francisco,670027091,09-03,7,1940,2023,49.851
agoyan,621014469,09-04,7,1940,2023,128.354
manduriacu,670078161,09-04,7,1940,2023,293.214
minas_san_francisco,670027091,09-04,7,1940,2023,47.973
agoyan,621014469,09-05,7,1940,2023,129.739
manduriacu,670078161,09-05,7,1940,2023,300.521
minas_san_francisco,670027091,09-05,7,1940,2023,50.67
agoyan,621014469,09-06,7,1940,2023,130.407
manduriacu,670078161,09-06,7,1940,2023,302.533
minas_san_francisco,670027091,09-06,7,1940,2023,50.144
agoyan,621014469,09-07,7,1940,2023,129.361
manduriacu,670078161,09-07,7,1940,2023,307.058
minas_san_francisco,670027091,09-07,7,1940,2023,48.249
agoyan,621014469,09-08,7,1940,2023,129.819
manduriacu,670078161,09-08,7,1940,2023,308.996
minas_san_francisco,670027091,09-08,7,1940,2023,47.247
agoyan,621014469,09-09,7,1940,2023,130.986
manduriacu,670078161,09-09,7,1940,2023,309.975
minas_san_francisco,670027091,09-09,7,1940,2023,49.212
agoyan,621014469,09-10,7,1940,2023,134.886
manduriacu,670078161,09-10,7,1940,2023,314.229
minas_san_francisco,670027091,09-10,7,1940,2023,49.382
agoyan,621014469,09-11,7,1940,2023,137.466
manduriacu,670078161,09-11,7,1940,2023,316.41
minas_san_francisco,670027091,09-11,7,1940,2023,50.4
agoyan,621014469,09-12,7,1940,2023,133.745
manduriacu,670078161,09-12,7,1940,2023,314.807
minas_san_francisco,670027091,09-12,7,1940,2023,51.716
agoyan,621014469,09-13,7,1940,2023,133.317
manduriacu,670078161,09-13,7,1940,2023,320.628
minas_san_francisco,670027091,09-13,7,1940,2023,52.116
agoyan,621014469,09-14,7,1940,2023,135.607
manduriacu,670078161,09-14,7,1940,2023,329.821
minas_san_francisco,670027091,09-14,7,1940,2023,52.971
agoyan,621014469,09-15,7,1940,2023,135.218
manduriacu,670078161,09-15,7,1940,2023,322.355
minas_san_francisco,670027091,09-15,7,1940,2023,52.34
agoyan,621014469,09-16,7,1940,2023,134.007
manduriacu,670078161,09-16,7,1940,2023,322.377
minas_san_francisco,670027091,09-16,7,1940,2023,52.299
agoyan,621014469,09-17,7,1940,2023,130.326
manduriacu,670078161,09-17,7,1940,2023,326.149
minas_san_francisco,670027091,09-17,7,1940,2023,54.734
agoyan,621014469,09-18,7,1940,2023,135.082
manduriacu,670078161,09-18,7,1940,2023,336.382
minas_san_francisco,670027091,09-18,7,1940,2023,55.972
agoyan,621014469,09-19,7,1940,2023,135.344
manduriacu,670078161,09-19,7,1940,2023,336.378
minas_san_francisco,670027091,09-19,7,1940,2023,55.045
agoyan,621014469,09-20,7,1940,2023,136.788
manduriacu,670078161,09-20,7,1940,2023,336.639
minas_san_francisco,670027091,09-20,7,1940,2023,55.43
agoyan,621014469,09-21,7,1940,2023,134.368
manduriacu,670078161,09-21,7,1940,2023,337.388
minas_san_francisco,670027091,09-21,7,1940,2023,55.431
agoyan,621014469,09-22,7,1940,2023,134.789
manduriacu,670078161,09-22,7,1940,2023,344.163
minas_san_francisco,670027091,09-22,7,1940,2023,56.706
agoyan,621014469,09-23,7,1940,2023,137.082
manduriacu,670078161,09-23,7,1940,2023,340.583
minas_san_francisco,670027091,09-23,7,1940,2023,59.333
agoyan,621014469,09-24,7,1940,2023,142.359
manduriacu,670078161,09-24,7,1940,2023,340.89
minas_san_francisco,670027091,09-24,7,1940,2023,60.157
agoyan,621014469,09-25,7,1940,2023,149.481
manduriacu,670078161,09-25,7,1940,2023,341.88
minas_san_francisco,670027091,09-25,7,1940,2023,62.624
agoyan,621014469,09-26,7,1940,2023,151.674
manduriacu,670078161,09-26,7,1940,2023,348.113
minas_san_francisco,670027091,09-26,7,1940,2023,63.7
agoyan,621014469,09-27,7,1940,2023,156.195
manduriacu,670078161,09-27,7,1940,2023,350.127
minas_san_francisco,670027091,09-27,7,1940,2023,65.434
agoyan,621014469,09-28,7,1940,2023,162.659
manduriacu,670078161,09-28,7,1940,2023,348.573
minas_san_francisco,670027091,09-28,7,1940,2023,65.765
agoyan,621014469,09-29,7,1940,2023,161.431
manduriacu,670078161,09-29,7,1940,2023,348.215
minas_san_francisco,670027091,09-29,7,1940,2023,66.529
agoyan,621014469,09-30,7,1940,2023,163.378
manduriacu,670078161,09-30,7,1940,2023,347.844
minas_san_francisco,670027091,09-30,7,1940,2023,66.093
agoyan,621014469,10-01,7,1940,2023,168.663
manduriacu,670078161,10-01,7,1940,2023,340.57
minas_san_francisco,670027091,10-01,7,1940,2023,67.936
agoyan,621014469,10-02,7,1940,2023,167.524
manduriacu,670078161,10-02,7,1940,2023,349.296
minas_san_francisco,670027091,10-02,7,1940,2023,65.95
agoyan,621014469,10-03,7,1940,2023,170.26
manduriacu,670078161,10-03,7,1940,2023,359.74
minas_san_francisco,670027091,10-03,7,1940,2023,67.729
agoyan,621014469,10-04,7,1940,2023,171.167
manduriacu,670078161,10-04,7,1940,2023,368.033
minas_san_francisco,670027091,10-04,7,1940,2023,69.92
agoyan,621014469,10-05,7,1940,2023,178.446
manduriacu,670078161,10-05,7,1940,2023,388.449
minas_san_francisco,670027091,10-05,7,1940,2023,72.531
agoyan,621014469,10-06,7,1940,2023,181.699
manduriacu,670078161,10-06,7,1940,2023,401.34
minas_san_francisco,670027091,10-06,7,1940,2023,73.483
agoyan,621014469,10-07,7,1940,2023,182.178
manduriacu,670078161,10-07,7,1940,2023,403.782
minas_san_francisco,670027091,10-07,7,1940,2023,72.451
agoyan,621014469,10-08,7,1940,2023,189.418
manduriacu,670078161,10-08,7,1940,2023,394.188
minas_san_francisco,670027091,10-08,7,1940,2023,72.271
agoyan,621014469,10-09,7,1940,2023,199.155
manduriacu,670078161,10-09,7,1940,2023,394.983
minas_san_francisco,670027091,10-09,7,1940,2023,72.641
agoyan,621014469,10-10,7,1940,2023,204.034
manduriacu,670078161,10-10,7,1940,2023,395.348
minas_san_francisco,670027091,10-10,7,1940,2023,73.794
agoyan,621014469,10-11,7,1940,2023,202.721
manduriacu,670078161,10-11,7,1940,2023,395.805
minas_san_francisco,670027091,10-11,7,1940,2023,73.838
agoyan,621014469,10-12,7,1940,2023,203.246
manduriacu,670078161,10-12,7,1940,2023,389.104
minas_san_francisco,670027091,10-12,7,1940,2023,75.296
agoyan,621014469,10-13,7,1940,2023,205.765
manduriacu,670078161,10-13,7,1940,2023,388.298
minas_san_francisco,670027091,10-13,7,1940,2023,75.295
agoyan,621014469,10-14,7,1940,2023,213.418
manduriacu,670078161,10-14,7,1940,2023,392.379
minas_san_francisco,670027091,10-14,7,1940,2023,77.195
agoyan,621014469,10-15,7,1940,2023,214.9
manduriacu,670078161,10-15,7,1940,2023,401.149
minas_san_francisco,670027091,10-15,7,1940,2023,78.828
agoyan,621014469,10-16,7,1940,2023,223.712
manduriacu,670078161,10-16,7,1940,2023,407.261
minas_san_francisco,670027091,10-16,7,1940,2023,83.436
agoyan,621014469,10-17,7,1940,2023,223.517
manduriacu,670078161,10-17,7,1940,2023,400.382
minas_san_francisco,670027091,10-17,7,1940,2023,83.053
agoyan,621014469,10-18,7,1940,2023,223.812
manduriacu,670078161,10-18,7,1940,2023,406.828
minas_san_francisco,670027091,10-18,7,1940,2023,84.166
agoyan,621014469,10-19,7,1940,2023,229.672
manduriacu,670078161,10-19,7,1940,2023,413.311
minas_san_francisco,670027091,10-19,7,1940,2023,81.062
agoyan,621014469,10-20,7,1940,2023,228.057
manduriacu,670078161,10-20,7,1940,2023,411.3
minas_san_francisco,670027091,10-20,7,1940,2023,84.805
agoyan,621014469,10-21,7,1940,2023,230.894
manduriacu,670078161,10-21,7,1940,2023,402.803
minas_san_francisco,670027091,10-21,7,1940,2023,84.16
agoyan,621014469,10-22,7,1940,2023,238.667
manduriacu,670078161,10-22,7,1940,2023,396.222
minas_san_francisco,670027091,10-22,7,1940,2023,83.551
agoyan,621014469,10-23,7,1940,2023,244.985
manduriacu,670078161,10-23,7,1940,2023,406.142
minas_san_francisco,670027091,10-23,7,1940,2023,80.048
agoyan,621014469,10-24,7,1940,2023,246.378
manduriacu,670078161,10-24,7,1940,2023,414.549
minas_san_francisco,670027091,10-24,7,1940,2023,82.631
agoyan,621014469,10-25,7,1940,2023,246.624
manduriacu,670078161,10-25,7,1940,2023,428.85
minas_san_francisco,670027091,10-25,7,1940,2023,83.981
agoyan,621014469,10-26,7,1940,2023,241.082
manduriacu,670078161,10-26,7,1940,2023,447.191
minas_san_francisco,670027091,10-26,7,1940,2023,86.019
agoyan,621014469,10-27,7,1940,2023,253.114
manduriacu,670078161,10-27,7,1940,2023,444.012
minas_san_francisco,670027091,10-27,7,1940,2023,81.587
agoyan,621014469,10-28,7,1940,2023,245.549
manduriacu,670078161,10-28,7,1940,2023,438.051
minas_san_francisco,670027091,10-28,7,1940,2023,80.438
agoyan,621014469,10-29,7,1940,2023,241.16
manduriacu,670078161,10-29,7,1940,2023,438.548
minas_san_francisco,670027091,10-29,7,1940,2023,82.928
agoyan,621014469,10-30,7,1940,2023,249.884
manduriacu,670078161,10-30,7,1940,2023,433.132
minas_san_francisco,670027091,10-30,7,1940,2023,85.986
agoyan,621014469,10-31,7,1940,2023,248.454
manduriacu,670078161,10-31,7,1940,2023,424.398
minas_san_francisco,670027091,10-31,7,1940,2023,82.242
agoyan,621014469,11-01,7,1940,2023,245.739
manduriacu,670078161,11-01,7,1940,2023,433.079
minas_san_francisco,670027091,11-01,7,1940,2023,78.209
agoyan,621014469,11-02,7,1940,2023,242.922
manduriacu,670078161,11-02,7,1940,2023,437.019
minas_san_francisco,670027091,11-02,7,1940,2023,81.53
agoyan,621014469,11-03,7,1940,2023,257.194
manduriacu,670078161,11-03,7,1940,2023,434.31
minas_san_francisco,670027091,11-03,7,1940,2023,82.679
agoyan,621014469,11-04,7,1940,2023,258.957
manduriacu,670078161,11-04,7,1940,2023,436.537
minas_san_francisco,670027091,11-04,7,1940,2023,81.312
agoyan,621014469,11-05,7,1940,2023,252.088
manduriacu,670078161,11-05,7,1940,2023,457.085
minas_san_francisco,670027091,11-05,7,1940,2023,81.686
agoyan,621014469,11-06,7,1940,2023,254.322
manduriacu,670078161,11-06,7,1940,2023,455.719
minas_san_francisco,670027091,11-06,7,1940,2023,88.895
agoyan,621014469,11-07,7,1940,2023,263.33
manduriacu,670078161,11-07,7,1940,2023,470.632
minas_san_francisco,670027091,11-07,7,1940,2023,88.829
agoyan,621014469,11-08,7,1940,2023,253.252
manduriacu,670078161,11-08,7,1940,2023,465.331
minas_san_francisco,670027091,11-08,7,1940,2023,90.409
agoyan,621014469,11-09,7,1940,2023,260.129
manduriacu,670078161,11-09,7,1940,2023,480.248
minas_san_francisco,670027091,11-09,7,1940,2023,91.614
agoyan,621014469,11-10,7,1940,2023,274.455
manduriacu,670078161,11-10,7,1940,2023,476.399
minas_san_francisco,670027091,11-10,7,1940,2023,93.874
agoyan,621014469,11-11,7,1940,2023,276.407
manduriacu,670078161,11-11,7,1940,2023,491.809
minas_san_francisco,670027091,11-11,7,1940,2023,96.418
agoyan,621014469,11-12,7,1940,2023,284.703
manduriacu,670078161,11-12,7,1940,2023,487.293
minas_san_francisco,670027091,11-12,7,1940,2023,94.005
agoyan,621014469,11-13,7,1940,2023,286.438
manduriacu,670078161,11-13,7,1940,2023,483.66
minas_san_francisco,670027091,11-13,7,1940,2023,98.663
agoyan,621014469,11-14,7,1940,2023,274.543
manduriacu,670078161,11-14,7,1940,2023,465.716
minas_san_francisco,670027091,11-14,7,1940,2023,89.045
agoyan,621014469,11-15,7,1940,2023,270.953
manduriacu,670078161,11-15,7,1940,2023,451.604
minas_san_francisco,670027091,11-15,7,1940,2023,89.027
agoyan,621014469,11-16,7,1940,2023,276.155
manduriacu,670078161,11-16,7,1940,2023,449.803
minas_san_francisco,670027091,11-16,7,1940,2023,83.72
agoyan,621014469,11-17,7,1940,2023,273.625
manduriacu,670078161,11-17,7,1940,2023,452.832
minas_san_francisco,670027091,11-17,7,1940,2023,84.445
agoyan,621014469,11-18,7,1940,2023,276.317
manduriacu,670078161,11-18,7,1940,2023,446.346
minas_san_francisco,670027091,11-18,7,1940,2023,85.22
agoyan,621014469,11-19,7,1940,2023,272.654
manduriacu,670078161,11-19,7,1940,2023,445.027
minas_san_francisco,670027091,11-19,7,1940,2023,86.809
agoyan,621014469,11-20,7,1940,2023,277.662
manduriacu,670078161,11-20,7,1940,2023,457.183
minas_san_francisco,670027091,11-20,7,1940,2023,88.691
agoyan,621014469,11-21,7,1940,2023,279.607
manduriacu,670078161,11-21,7,1940,2023,449.397
minas_san_francisco,670027091,11-21,7,1940,2023,93.164
agoyan,621014469,11-22,7,1940,2023,278.608
manduriacu,670078161,11-22,7,1940,2023,448.611
minas_san_francisco,670027091,11-22,7,1940,2023,95.273
agoyan,621014469,11-23,7,1940,2023,279.516
manduriacu,670078161,11-23,7,1940,2023,450.956
minas_san_francisco,670027091,11-23,7,1940,2023,97.331
agoyan,621014469,11-24,7,1940,2023,278.09
manduriacu,670078161,11-24,7,1940,2023,457.157
minas_san_francisco,670027091,11-24,7,1940,2023,97.069
agoyan,621014469,11-25,7,1940,2023,287.353
manduriacu,670078161,11-25,7,1940,2023,458.729
minas_san_francisco,670027091,11-25,7,1940,2023,107.619
agoyan,621014469,11-26,7,1940,2023,277.887
manduriacu,670078161,11-26,7,1940,2023,455.668
minas_san_francisco,670027091,11-26,7,1940,2023,102.476
agoyan,621014469,11-27,7,1940,2023,278.995
manduriacu,670078161,11-27,7,1940,2023,456.199
minas_san_francisco,670027091,11-27,7,1940,2023,95.258
agoyan,621014469,11-28,7,1940,2023,283.966
manduriacu,670078161,11-28,7,1940,2023,477.063
minas_san_francisco,670027091,11-28,7,1940,2023,99.596
agoyan,621014469,11-29,7,1940,2023,287.455
manduriacu,670078161,11-29,7,1940,2023,475.762
minas_san_francisco,670027091,11-29,7,1940,2023,100.083
agoyan,621014469,11-30,7,1940,2023,299.561
manduriacu,670078161,11-30,7,1940,2023,463.654
minas_san_francisco,670027091,11-30,7,1940,2023,99.833
agoyan,621014469,12-01,7,1940,2023,297.766
manduriacu,670078161,12-01,7,1940,2023,469.479
minas_san_francisco,670027091,12-01,7,1940,2023,102.632
agoyan,621014469,12-02,7,1940,2023,297.773
manduriacu,670078161,12-02,7,1940,2023,469.121
minas_san_francisco,670027091,12-02,7,1940,2023,99.229
agoyan,621014469,12-03,7,1940,2023,289.892
manduriacu,670078161,12-03,7,1940,2023,476.891
minas_san_francisco,670027091,12-03,7,1940,2023,97.662
agoyan,621014469,12-04,7,1940,2023,278.558
manduriacu,670078161,12-04,7,1940,2023,470.351
minas_san_francisco,670027091,12-04,7,1940,2023,98.45
agoyan,621014469,12-05,7,1940,2023,285.45
manduriacu,670078161,12-05,7,1940,2023,482.874
minas_san_francisco,670027091,12-05,7,1940,2023,100.234
agoyan,621014469,12-06,7,1940,2023,274.719
manduriacu,670078161,12-06,7,1940,2023,480.895
minas_san_francisco,670027091,12-06,7,1940,2023,101.497
agoyan,621014469,12-07,7,1940,2023,265.456
manduriacu,670078161,12-07,7,1940,2023,472.514
minas_san_francisco,670027091,12-07,7,1940,2023,102.666
agoyan,621014469,12-08,7,1940,2023,262.015
manduriacu,670078161,12-08,7,1940,2023,483.151
minas_san_francisco,670027091,12-08,7,1940,2023,105.186
agoyan,621014469,12-09,7,1940,2023,267.506
manduriacu,670078161,12-09,7,1940,2023,496.199
minas_san_francisco,670027091,12-09,7,1940,2023,102.084
agoyan,621014469,12-10,7,1940,2023,261.435
manduriacu,670078161,12-10,7,1940,2023,497.718
minas_san_francisco,670027091,12-10,7,1940,2023,109.219
agoyan,621014469,12-11,7,1940,2023,280.717
manduriacu,670078161,12-11,7,1940,2023,499.458
minas_san_francisco,670027091,12-11,7,1940,2023,113.177
agoyan,621014469,12-12,7,1940,2023,290.49
manduriacu,670078161,12-12,7,1940,2023,515.398
minas_san_francisco,670027091,12-12,7,1940,2023,119.011
agoyan,621014469,12-13,7,1940,2023,298.093
manduriacu,670078161,12-13,7,1940,2023,533.215
minas_san_francisco,670027091,12-13,7,1940,2023,119.98
agoyan,621014469,12-14,7,1940,2023,302.603
manduriacu,670078161,12-14,7,1940,2023,538.383
minas_san_francisco,670027091,12-14,7,1940,2023,128.944
agoyan,621014469,12-15,7,1940,2023,310.761
manduriacu,670078161,12-15,7,1940,2023,545.324
minas_san_francisco,670027091,12-15,7,1940,2023,124.342
agoyan,621014469,12-16,7,1940,2023,299.132
manduriacu,670078161,12-16,7,1940,2023,536.407
minas_san_francisco,670027091,12-16,7,1940,2023,127.276
agoyan,621014469,12-17,7,1940,2023,302.732
manduriacu,670078161,12-17,7,1940,2023,528.858
minas_san_francisco,670027091,12-17,7,1940,2023,123.701
agoyan,621014469,12-18,7,1940,2023,302.436
manduriacu,670078161,12-18,7,1940,2023,540.072
minas_san_francisco,670027091,12-18,7,1940,2023,128.211
agoyan,621014469,12-19,7,1940,2023,299.808
manduriacu,670078161,12-19,7,1940,2023,536.114
minas_san_francisco,670027091,12-19,7,1940,2023,119.785
agoyan,621014469,12-20,7,1940,2023,298.95
manduriacu,670078161,12-20,7,1940,2023,537.629
minas_san_francisco,670027091,12-20,7,1940,2023,125.396
agoyan,621014469,12-21,7,1940,2023,298.676
manduriacu,670078161,12-21,7,1940,2023,518.18
minas_san_francisco,670027091,12-21,7,1940,2023,126.853
agoyan,621014469,12-22,7,1940,2023,303.259
manduriacu,670078161,12-22,7,1940,2023,526.987
minas_san_francisco,670027091,12-22,7,1940,2023,132.578
agoyan,621014469,12-23,7,1940,2023,307.823
manduriacu,670078161,12-23,7,1940,2023,540.54
minas_san_francisco,670027091,12-23,7,1940,2023,143.113
agoyan,621014469,12-24,7,1940,2023,305.216
manduriacu,670078161,12-24,7,1940,2023,528.229
minas_san_francisco,670027091,12-24,7,1940,2023,150.656
agoyan,621014469,12-25,7,1940,2023,310.911
manduriacu,670078161,12-25,7,1940,2023,535.254
minas_san_francisco,670027091,12-25,7,1940,2023,150.514
agoyan,621014469,12-26,7,1940,2023,314.683
manduriacu,670078161,12-26,7,1940,2023,532.425
minas_san_francisco,670027091,12-26,7,1940,2023,147.639
agoyan,621014469,12-27,7,1940,2023,312.107
manduriacu,670078161,12-27,7,1940,2023,538.799
minas_san_francisco,670027091,12-27,7,1940,2023,142.165
agoyan,621014469,12-28,7,1940,2023,307.889
manduriacu,670078161,12-28,7,1940,2023,537.38
minas_san_francisco,670027091,12-28,7,1940,2023,145.431
agoyan,621014469,12-29,7,1940,2023,298.876
manduriacu,670078161,12-29,7,1940,2023,522.761
minas_san_francisco,670027091,12-29,7,1940,2023,146.013
agoyan,621014469,12-30,7,1940,2023,292.499
manduriacu,670078161,12-30,7,1940,2023,499.921
minas_san_francisco,670027091,12-30,7,1940,2023,144.739
agoyan,621014469,12-31,7,1940,2023,292.865
manduriacu,670078161,12-31,7,1940,2023,511.077
minas_san_francisco,670027091,12-31,7,1940,2023,151.077
