start,end,end_status,kind,hydro_related,scope,max_hours_per_day,status,source_url,verified_on,note,source
2023-10-27,2023-12-17,approximate,rationing,yes,national,4,verified,https://www.ambienteyenergia.gob.ec/cortes-de-energia-en-el-pais-se-suspenden-hasta-el-15-de-enero/,2026-09-24,"Announced 2023-10-26 by the energy ministry: from 2023-10-27, 3 h/day on the coast and 4 h in the highlands and Amazon, daytime only; about 2-3 h/day by mid-December. Suspended for five days in November, 2023-12-01..04 and 2023-12-18..19 (rain in the south), then from 2023-12-20 to 2024-01-01 and to 2024-01-15 (ministry), and not resumed. End is the last day before the 18-19 December suspension; the seed's 2023-12-31 was two weeks late. SMEC demand falls 11% on 2023-10-27 against the day before. Checked 2026-09-24 against search-engine listings of the cited articles (headline and summary; the development sandbox cannot open these hosts) and against SMEC demanda_distribucion in this repository.",primicias.ec (apagones-cortes-luz-electricidad-ministerio-energia-ecuador; suspension-cortes-luz-crisis-electrica; cortes-luz-enero-ano-nuevo-navidad); cnnespanol.cnn.com 2023-12-20; seed PLAN.md section 3
2024-04-15,2024-04-30,exact,rationing,yes,national,8,verified,https://www.ambienteyenergia.gob.ec/el-domingo-28-de-abril-no-habra-cortes-de-energia-en-todo-el-ecuador/,2026-09-24,"Colombia stopped selling on 2024-04-15 and cuts began that day; published schedules start 2024-04-16 (2-5 h at first). None on 2024-04-28 (ministry). Suspended from 2024-05-01 (announced 2024-04-30 by minister Luque after rain in the Paute and Mazar basins and Colombian sales resumed on 04-29), then to 05-05 and 05-19, and not resumed. The seed's end of 2024-05-31 was a month late. SMEC demand: 80.9 GWh on 04-15 against 90.2 the Monday before, 89.2 on 05-01. Max 8 h rests on one report (Quito, 18-19 April); the seed's 13 h was not found. Checked 2026-09-24 against search-engine listings of the cited articles (headline and summary; the development sandbox cannot open these hosts) and against SMEC demanda_distribucion in this repository.",primicias.ec (horarios-cortes-luz-cnel-ecuador-16abril; suspension-cortes-luz-ecuador-ministerio-energia); ecuavisa.com (cortes continuaran hasta el 18 de abril; horarios martes 30 de abril); expreso.ec 2024-05 (suspenden hasta el 5 de mayo); seed PLAN.md section 3
2024-06-19,2024-06-19,exact,blackout,no,national,,verified,https://www.primicias.ec/noticias/economia/cortes-luz-quito-guayaquil-cuenca-crisis-electrica/,2026-09-24,"National blackout from about 15:30: CENACE reported a transmission-line fault on the 230 kV ring that cascaded into a national disconnection, the first since 2016. Not a hydro shortage; exclude from any drought model. Checked 2026-09-24 against search-engine listings of the cited articles (headline and summary; the development sandbox cannot open these hosts) and against SMEC demanda_distribucion in this repository.",primicias.ec (apagon nacional por falla en linea de transmision; por que se dio el apagon nacional); teleamazonas.com (apagon masivo 19 de junio del 2024); seed PLAN.md section 3
2024-09-18,2024-09-19,exact,scheduled_outage,no,national,4,verified,https://www.eluniverso.com/noticias/ecuador/horarios-de-cortes-de-luz-en-ecuador-para-la-noche-del-miercoles-18-y-jueves-19-de-septiembre-de-2024-nota/,2026-09-24,"Night cuts 22:00 on 09-18 to 06:00 on 09-19, 3-4 h per home (minister Goncalves), officially for maintenance to strengthen the system during the drought. Kept as maintenance, not rationing, because that is the stated reason; it sits four days before the drought episode and its context is the same crisis. Checked 2026-09-24 against search-engine listings of the cited articles (headline and summary; the development sandbox cannot open these hosts) and against SMEC demanda_distribucion in this repository.",primicias.ec (horarios cortes luz Quito and Guayaquil 18 septiembre); teleamazonas.com (cortes de hasta cinco horas en Quito 18 y 19 de septiembre); expreso.ec; seed PLAN.md section 3
2024-09-23,2024-12-19,exact,rationing,yes,national,14,verified,https://www.primicias.ec/economia/cortes-luz-ecuador-apagones-suspenden-20diciembre2024-daniel-noboa-84999/,2026-09-24,"The long drought episode. Schedules announced the night of 09-22, cuts from 06:00 on 2024-09-23; up to 10 h by mid-October, raised from 8 to 14 h from 2024-10-25 (minister Manzano), 12-14 h from 10-28. The president announced on 2024-12-10 that cuts end from 2024-12-20, and there was no schedule that Friday, so the last day is 12-19 (the seed had 12-20). Industry (AV1/AV2) cuts continued to 2024-12-31; see the 2025-01-01 row. SMEC demand: 62.7 GWh on 09-23 against 79.3 the Monday before. Checked 2026-09-24 against search-engine listings of the cited articles (headline and summary; the development sandbox cannot open these hosts) and against SMEC demanda_distribucion in this repository.",primicias.ec (nuevos horarios 23 septiembre); eluniverso.com (apagones se adelantan a las 06:00 del lunes 23 de septiembre); bloomberglinea.com (14 horas del 25 al 27 de octubre); teleamazonas.com (viernes 20 de diciembre sin apagones); cnnespanol.cnn.com 2024-12-10; seed PLAN.md section 3
2025-01-01,,open,restrictions_lifted,yes,industry,,verified,https://www.primicias.ec/economia/suspension-cortes-luz-apagones-industrias-ecuador-1enero-86359/,2026-09-24,Announced 2024-12-27 by the presidency: cuts for the AV1 and AV2 industrial segments end on 2024-12-31. Marks the end of the 2024 episode rather than an episode itself. No scheduled cuts were found for 2025; the next rows are 2026. Checked 2026-09-24 against search-engine listings of the cited articles (headline and summary; the development sandbox cannot open these hosts) and against SMEC demanda_distribucion in this repository.,ecuavisa.com (racionamiento electrico sector industrial finaliza 1 enero 2025); bloomberglinea.com 2024-12-27; lexis.com.ec; seed PLAN.md section 3
2026-05-30,2026-05-31,exact,scheduled_outage,no,regional (54 cantons),4,verified,https://www.eluniverso.com/noticias/economia/energia-ecuador-cortes-de-luz-mantenimiento-preventivo-fenomeno-el-nino-2026-nota/,2026-09-24,"Announced 2026-05-28 by the environment and energy ministry: preventive maintenance of transmission, sub-transmission lines and feeders before El Nino, up to 4 h, each area once; the days are not billed. First of two weekends. Checked 2026-09-24 against search-engine listings of the cited articles (headline and summary; the development sandbox cannot open these hosts) and against SMEC demanda_distribucion in this repository.",infobae.com 2026-05-29; eldiario.ec 2026-05-28 (horarios de los cantones); expreso.ec (apagones en 54 cantones como medida preventiva)
2026-06-06,2026-06-07,exact,scheduled_outage,no,regional (54 cantons),4,verified,https://www.eluniverso.com/noticias/economia/energia-ecuador-cortes-de-luz-mantenimiento-preventivo-fenomeno-el-nino-2026-nota/,2026-09-24,Second weekend of the 2026-05-28 announcement; same scope and reason. Checked 2026-09-24 against search-engine listings of the cited articles (headline and summary; the development sandbox cannot open these hosts) and against SMEC demanda_distribucion in this repository.,infobae.com 2026-05-29; eldiario.ec 2026-05-28; expreso.ec
2026-09-22,,open,rationing,yes,"industry (AV1, one day a week)",,verified,https://www.expreso.ec/economia-y-negocios/cortes-energia-industrias-av1-ecuador-empiezan-22-septiembre-confirma-gobierno-296602.html,2026-09-24,"Announced 2026-09-18 by minister Blum to protect Mazar before El Nino: about 145-150 high-voltage (AV1) consumers - mining, steel, cement - leave the grid one day a week from 2026-09-22; the government estimates 600 to almost 1,000 MW freed. AV1 consumers have until 2026-12-15 to install their own generation (Executive Decree 32). The ministry says households will not be cut. Counted as rationing because measured load now understates demand, which is what D10 excludes from the demand fit. Checked 2026-09-24 against search-engine listings of the cited articles (headline and summary; the development sandbox cannot open these hosts) and against SMEC demanda_distribucion in this repository.",expreso.ec (cuando empezarian las desconexiones AV1; Mazar hasta diciembre); elcomercio.com (150 industrias frenaran un dia por semana para proteger Mazar); vistazo.com 2026-09-21; eldiario.ec 2026-09-18
