date,concepto,dia_kwh,pct_dia,mes_kwh,pct_mes,anio_kwh,pct_anio,ultimos365_kwh,tipo_dia,tipo_dia_anio_anterior,source,fetched_at,raw_ref
2026-09-18,demanda_distribucion,100762332.795,-1.034,1780937501.624,5.997,24643149592.91,0.411,33555568443.631,Laboral,Laboral,smec:ResultadoInforme1,2026-09-22T01:19:02Z,cenace_smec/2026/09/ResultadoInforme1.ndjson.gz#informe1:2026-09-18
2026-09-18,exportacion_colombia,124315.053,11.881,1492293.192,9.088,26729328.105,0.467,109252981.333,Laboral,Laboral,smec:ResultadoInforme1,2026-09-22T01:19:02Z,cenace_smec/2026/09/ResultadoInforme1.ndjson.gz#informe1:2026-09-18
2026-09-18,exportacion_peru,0,0,0,0,0,0,184692.703,Laboral,Laboral,smec:ResultadoInforme1,2026-09-22T01:19:02Z,cenace_smec/2026/09/ResultadoInforme1.ndjson.gz#informe1:2026-09-18
2026-09-18,generacion_hidraulica,90872085.986,-1.278,1561804073.047,6.178,22111619770.828,0.413,30370492359.706,Laboral,Laboral,smec:ResultadoInforme1,2026-09-22T01:19:02Z,cenace_smec/2026/09/ResultadoInforme1.ndjson.gz#informe1:2026-09-18
2026-09-18,generacion_motores_bunker,9366678.782,-0.306,162879952.973,6.102,1749226898.895,0.538,2320143251.477,Laboral,Laboral,smec:ResultadoInforme1,2026-09-22T01:19:02Z,cenace_smec/2026/09/ResultadoInforme1.ndjson.gz#informe1:2026-09-18
2026-09-18,generacion_otros_tipos,1643445.185,-9.28,34836052.958,4.951,243696092.708,0.679,399882579.473,Laboral,Laboral,smec:ResultadoInforme1,2026-09-22T01:19:02Z,cenace_smec/2026/09/ResultadoInforme1.ndjson.gz#informe1:2026-09-18
2026-09-18,generacion_turbinas_diesel,4301647.418,-0.391,77799310.809,5.853,856964518.842,0.504,1020106475.85,Laboral,Laboral,smec:ResultadoInforme1,2026-09-22T01:19:02Z,cenace_smec/2026/09/ResultadoInforme1.ndjson.gz#informe1:2026-09-18
2026-09-18,generacion_turbinas_gas,2659984.805,-0.96,45649750.441,6.187,460869367.001,0.581,584446343.754,Laboral,Laboral,smec:ResultadoInforme1,2026-09-22T01:19:02Z,cenace_smec/2026/09/ResultadoInforme1.ndjson.gz#informe1:2026-09-18
2026-09-18,generacion_vapor_bunker,4958358.967,0.696,88008149.198,5.97,1526896334.492,0.326,1935589771.107,Laboral,Laboral,smec:ResultadoInforme1,2026-09-22T01:19:02Z,cenace_smec/2026/09/ResultadoInforme1.ndjson.gz#informe1:2026-09-18
2026-09-18,importacion_colombia,137419.692,-9.137,42155603.701,0.327,289221817.812,0.048,539499608.602,Laboral,Laboral,smec:ResultadoInforme1,2026-09-22T01:19:02Z,cenace_smec/2026/09/ResultadoInforme1.ndjson.gz#informe1:2026-09-18
2026-09-18,importacion_peru,0,0,0,0,100.723,0,100.739,Laboral,Laboral,smec:ResultadoInforme1,2026-09-22T01:19:02Z,cenace_smec/2026/09/ResultadoInforme1.ndjson.gz#informe1:2026-09-18
2026-09-18,total_exportacion,124315.053,11.881,1492293.192,9.088,26729328.105,0.467,109437674.036,Laboral,Laboral,smec:ResultadoInforme1,2026-09-22T01:19:02Z,cenace_smec/2026/09/ResultadoInforme1.ndjson.gz#informe1:2026-09-18
2026-09-18,total_generacion,113802201.143,-1.2,1970977289.426,6.128,26949272982.766,0.424,36630660781.367,Laboral,Laboral,smec:ResultadoInforme1,2026-09-22T01:19:02Z,cenace_smec/2026/09/ResultadoInforme1.ndjson.gz#informe1:2026-09-18
2026-09-18,total_importacion,137419.692,-9.137,42155603.701,0.327,289221918.535,0.048,539499709.341,Laboral,Laboral,smec:ResultadoInforme1,2026-09-22T01:19:02Z,cenace_smec/2026/09/ResultadoInforme1.ndjson.gz#informe1:2026-09-18
2026-09-18,total_perdidas_transporte,2042849.02,-7.227,32987092.38,6.602,575692988.683,0.356,785128542.091,Laboral,Laboral,smec:ResultadoInforme1,2026-09-22T01:19:02Z,cenace_smec/2026/09/ResultadoInforme1.ndjson.gz#informe1:2026-09-18
2026-09-19,demanda_distribucion,95819510.075,-4.905,1876757011.699,5.38,24738969102.985,0.389,33561636096.846,Sábado,Laboral,smec:ResultadoInforme1,2026-09-22T01:19:03Z,cenace_smec/2026/09/ResultadoInforme1.ndjson.gz#informe1:2026-09-19
2026-09-19,exportacion_colombia,132915.404,6.918,1625208.596,8.907,26862243.509,0.497,109242602.047,Sábado,Laboral,smec:ResultadoInforme1,2026-09-22T01:19:03Z,cenace_smec/2026/09/ResultadoInforme1.ndjson.gz#informe1:2026-09-19
2026-09-19,exportacion_peru,0,0,0,0,0,0,184692.703,Sábado,Laboral,smec:ResultadoInforme1,2026-09-22T01:19:03Z,cenace_smec/2026/09/ResultadoInforme1.ndjson.gz#informe1:2026-09-19
2026-09-19,generacion_hidraulica,84610611.201,-6.89,1646414684.248,5.417,22196230382.029,0.383,30363985554.571,Sábado,Laboral,smec:ResultadoInforme1,2026-09-22T01:19:03Z,cenace_smec/2026/09/ResultadoInforme1.ndjson.gz#informe1:2026-09-19
2026-09-19,generacion_motores_bunker,9184119.317,-1.949,172064072.29,5.639,1758411018.212,0.525,2327785051.901,Sábado,Laboral,smec:ResultadoInforme1,2026-09-22T01:19:03Z,cenace_smec/2026/09/ResultadoInforme1.ndjson.gz#informe1:2026-09-19
2026-09-19,generacion_otros_tipos,1949271.327,18.609,36785324.285,5.596,245645364.035,0.8,400167041.55,Sábado,Laboral,smec:ResultadoInforme1,2026-09-22T01:19:03Z,cenace_smec/2026/09/ResultadoInforme1.ndjson.gz#informe1:2026-09-19
2026-09-19,generacion_turbinas_diesel,4436123.905,3.126,82235434.714,5.702,861400642.747,0.518,1024106572.094,Sábado,Laboral,smec:ResultadoInforme1,2026-09-22T01:19:03Z,cenace_smec/2026/09/ResultadoInforme1.ndjson.gz#informe1:2026-09-19
2026-09-19,generacion_turbinas_gas,2538124.474,-4.581,48187874.915,5.56,463407491.475,0.551,585589497.103,Sábado,Laboral,smec:ResultadoInforme1,2026-09-22T01:19:03Z,cenace_smec/2026/09/ResultadoInforme1.ndjson.gz#informe1:2026-09-19
2026-09-19,generacion_vapor_bunker,5248972.019,5.861,93257121.217,5.964,1532145306.511,0.344,1938053031.461,Sábado,Laboral,smec:ResultadoInforme1,2026-09-22T01:19:03Z,cenace_smec/2026/09/ResultadoInforme1.ndjson.gz#informe1:2026-09-19
2026-09-19,importacion_colombia,154507.083,12.434,42310110.784,0.367,289376324.895,0.053,539495249.535,Sábado,Laboral,smec:ResultadoInforme1,2026-09-22T01:19:03Z,cenace_smec/2026/09/ResultadoInforme1.ndjson.gz#informe1:2026-09-19
2026-09-19,importacion_peru,0,0,0,0,100.723,0,100.739,Sábado,Laboral,smec:ResultadoInforme1,2026-09-22T01:19:03Z,cenace_smec/2026/09/ResultadoInforme1.ndjson.gz#informe1:2026-09-19
2026-09-19,total_exportacion,132915.404,6.918,1625208.596,8.907,26862243.509,0.497,109427294.75,Sábado,Laboral,smec:ResultadoInforme1,2026-09-22T01:19:03Z,cenace_smec/2026/09/ResultadoInforme1.ndjson.gz#informe1:2026-09-19
2026-09-19,total_generacion,107967222.243,-5.127,2078944511.669,5.478,27057240205.009,0.401,36639686748.68,Sábado,Laboral,smec:ResultadoInforme1,2026-09-22T01:19:03Z,cenace_smec/2026/09/ResultadoInforme1.ndjson.gz#informe1:2026-09-19
2026-09-19,total_importacion,154507.083,12.434,42310110.784,0.367,289376425.618,0.053,539495350.274,Sábado,Laboral,smec:ResultadoInforme1,2026-09-22T01:19:03Z,cenace_smec/2026/09/ResultadoInforme1.ndjson.gz#informe1:2026-09-19
2026-09-19,total_perdidas_transporte,1035913.203,-49.291,34023005.583,3.14,576728901.886,0.18,780166613.907,Sábado,Laboral,smec:ResultadoInforme1,2026-09-22T01:19:03Z,cenace_smec/2026/09/ResultadoInforme1.ndjson.gz#informe1:2026-09-19
2026-09-20,demanda_distribucion,88689170.903,-7.441,1965446182.602,4.726,24827658273.888,0.358,33565285854.384,Domingo,Sábado,smec:ResultadoInforme1,2026-09-22T01:19:05Z,cenace_smec/2026/09/ResultadoInforme1.ndjson.gz#informe1:2026-09-20
2026-09-20,exportacion_colombia,146334.157,10.096,1771542.753,9.004,27008577.666,0.545,109264315.758,Domingo,Sábado,smec:ResultadoInforme1,2026-09-22T01:19:05Z,cenace_smec/2026/09/ResultadoInforme1.ndjson.gz#informe1:2026-09-20
2026-09-20,exportacion_peru,0,0,0,0,0,0,184692.703,Domingo,Sábado,smec:ResultadoInforme1,2026-09-22T01:19:05Z,cenace_smec/2026/09/ResultadoInforme1.ndjson.gz#informe1:2026-09-20
2026-09-20,generacion_hidraulica,76808654.928,-9.221,1723223339.176,4.665,22273039036.957,0.346,30353295622.277,Domingo,Sábado,smec:ResultadoInforme1,2026-09-22T01:19:05Z,cenace_smec/2026/09/ResultadoInforme1.ndjson.gz#informe1:2026-09-20
2026-09-20,generacion_motores_bunker,9173931.161,-0.111,181238003.451,5.332,1767584949.373,0.522,2336205887.123,Domingo,Sábado,smec:ResultadoInforme1,2026-09-22T01:19:05Z,cenace_smec/2026/09/ResultadoInforme1.ndjson.gz#informe1:2026-09-20
2026-09-20,generacion_otros_tipos,1806103.136,-7.345,38591427.421,4.91,247451467.171,0.735,400086884.919,Domingo,Sábado,smec:ResultadoInforme1,2026-09-22T01:19:05Z,cenace_smec/2026/09/ResultadoInforme1.ndjson.gz#informe1:2026-09-20
2026-09-20,generacion_turbinas_diesel,4437143.344,0.023,86672578.058,5.396,865837786.091,0.515,1028358155.075,Domingo,Sábado,smec:ResultadoInforme1,2026-09-22T01:19:05Z,cenace_smec/2026/09/ResultadoInforme1.ndjson.gz#informe1:2026-09-20
2026-09-20,generacion_turbinas_gas,2711965.127,6.849,50899840.042,5.628,466119456.602,0.585,586905947.612,Domingo,Sábado,smec:ResultadoInforme1,2026-09-22T01:19:05Z,cenace_smec/2026/09/ResultadoInforme1.ndjson.gz#informe1:2026-09-20
2026-09-20,generacion_vapor_bunker,5116538.015,-2.523,98373659.232,5.486,1537261844.526,0.334,1940554814.351,Domingo,Sábado,smec:ResultadoInforme1,2026-09-22T01:19:05Z,cenace_smec/2026/09/ResultadoInforme1.ndjson.gz#informe1:2026-09-20
2026-09-20,importacion_colombia,167558.871,8.447,42477669.655,0.396,289543883.766,0.058,539523157.889,Domingo,Sábado,smec:ResultadoInforme1,2026-09-22T01:19:05Z,cenace_smec/2026/09/ResultadoInforme1.ndjson.gz#informe1:2026-09-20
2026-09-20,importacion_peru,0,0,0,0,100.723,0,100.739,Domingo,Sábado,smec:ResultadoInforme1,2026-09-22T01:19:05Z,cenace_smec/2026/09/ResultadoInforme1.ndjson.gz#informe1:2026-09-20
2026-09-20,total_exportacion,146334.157,10.096,1771542.753,9.004,27008577.666,0.545,109449008.461,Domingo,Sábado,smec:ResultadoInforme1,2026-09-22T01:19:05Z,cenace_smec/2026/09/ResultadoInforme1.ndjson.gz#informe1:2026-09-20
2026-09-20,total_generacion,100054335.711,-7.329,2178998847.38,4.813,27157294540.72,0.37,36645407311.357,Domingo,Sábado,smec:ResultadoInforme1,2026-09-22T01:19:05Z,cenace_smec/2026/09/ResultadoInforme1.ndjson.gz#informe1:2026-09-20
2026-09-20,total_importacion,167558.871,8.447,42477669.655,0.396,289543984.489,0.058,539523258.628,Domingo,Sábado,smec:ResultadoInforme1,2026-09-22T01:19:05Z,cenace_smec/2026/09/ResultadoInforme1.ndjson.gz#informe1:2026-09-20
2026-09-20,total_perdidas_transporte,406355.225,-60.773,34429360.808,1.194,577135257.111,0.07,773902935.098,Domingo,Sábado,smec:ResultadoInforme1,2026-09-22T01:19:05Z,cenace_smec/2026/09/ResultadoInforme1.ndjson.gz#informe1:2026-09-20
